nlm_unique_id,title,medlineabbr,issn,country,startyear,endyear,currently_indexed,broad_headings,catalog_uid
0407123,Acta chirurgiae orthopaedicae et traumatologiae Cechoslovaca,Acta Chir Orthop Traumatol Cech,0001-5415,Czech Republic,1950,9999,1,Orthopedics;Traumatology,407123
101231512,Acta orthopaedica,Acta Orthop,1745-3674;1745-3682,Sweden,2005,9999,1,Orthopedics,101231512
2985165R,Acta orthopaedica Belgica,Acta Orthop Belg,0001-6462,Belgium,1946,9999,1,Orthopedics,446032
9424806,Acta orthopaedica et traumatologica turcica,Acta Orthop Traumatol Turc,1017-995X;2589-1294,Turkey,1962,9999,1,Orthopedics;Traumatology,9424806
0370352,Acta orthopaedica Scandinavica,Acta Orthop Scand,0001-6470,England,1930,2004,0,Orthopedics,370352
0370353,Acta orthopaedica Scandinavica. Supplementum,Acta Orthop Scand Suppl,0300-8827,Sweden,1934,2004,0,Orthopedics,370353
101244827,Acta orthopaedica. Supplementum,Acta Orthop Suppl,1745-3690;1745-3704,Sweden,2005,2015,0,Orthopedics,101244827
101190312,Acta ortopédica mexicana,Acta Ortop Mex,2306-4102,Mexico,2002,9999,1,Orthopedics,101190312
7705398,Aktuelle Probleme in Chirurgie und Orthopädie,Aktuelle Probl Chir Orthop,0378-8504,Switzerland,1977,0,0,General Surgery;Orthopedics,7705398
0002266,Archiv für orthopädische und Unfall-Chirurgie,Arch Orthop Unfallchir,0003-9330,Germany,1918,1977,0,Orthopedics;Traumatology,2266
9011043,Archives of orthopaedic and trauma surgery,Arch Orthop Trauma Surg,0936-8051;1434-3916,Germany,1989,9999,1,General Surgery;Orthopedics;Traumatology,9011043
7803037,Archives of orthopaedic and traumatic surgery.  Archiv für orthopädische und Unfall-Chirurgie,Arch Orthop Trauma Surg (1978),0344-8444,Germany,1978,1988,0,General Surgery;Orthopedics;Traumatology,7803037
101318988,Archives of osteoporosis,Arch Osteoporos,1862-3514;1862-3522,England,2006,9999,1,Metabolism;Orthopedics,101318988
0372453,"Archivio ""Putti"" di chirurgia degli organi di movimento",Arch Putti Chir Organi Mov,0066-670X,Italy,1951,1993,0,Orthopedics,372453
7508491,Archivio di ortopedia,Arch Ortop,0004-0118,Italy,1884,1973,0,Orthopedics,7508491
8506498,Arthroscopy : the journal of arthroscopic & related surgery : official publication of the Arthroscopy Association of North America and the International Arthroscopy Association,Arthroscopy,0749-8063;1526-3231,United States,1985,9999,1,Orthopedics,8506498
0370606,Artificial limbs,Artif Limbs,0004-3729,United States,1954,1972,0,Biomedical Engineering;Orthopedics;Physical and Rehabilitation Medicine,370606
0372503,Beiträge zur Orthopädie und Traumatologie,Beitr Orthop Traumatol,0005-8149,Germany,1960,1990,0,Orthopedics;Traumatology,372503
100968565,BMC musculoskeletal disorders,BMC Musculoskelet Disord,1471-2474,England,2000,9999,1,Orthopedics;Physiology,100968565
8504048,Bone,Bone,8756-3282;1873-2763,United States,1985,9999,1,Metabolism;Orthopedics,8504048
8610542,Bone and mineral,Bone Miner,0169-6009,Ireland,1986,1994,0,Orthopedics,8610542
101608652,Bone research,Bone Res,2095-4700;2095-6231,China,2013,9999,1,Metabolism;Orthopedics,101608652
9215948,Bulletin,Bull Hosp Jt Dis,0018-5647,United States,1992,2006,0,Orthopedics;Rheumatology,9215948
101614130,Bulletin of the Hospital for Joint Diseases,Bull Hosp Jt Dis  (2013),2328-4633;2328-5273,Netherlands,2013,9999,1,Orthopedics;Rheumatology,101614130
8207779,Bulletin of the Hospital for Joint Diseases Orthopaedic Institute,Bull Hosp Jt Dis Orthop Inst,0883-9344,United States,1981,1991,0,Orthopedics;Rheumatology,8207779
101300541,Bulletin of the NYU hospital for joint diseases,Bull NYU Hosp Jt Dis,1936-9719;1936-9727,United States,2006,2012,0,Orthopedics;Rheumatology,101300541
101518378,Cartilage,Cartilage,1947-6035;1947-6043,United States,2009,9999,1,Biomedical Engineering;Orthopedics;Transplantation,101518378
2985137R,Chirurgia narzadów ruchu i ortopedia polska,Chir Narzadow Ruchu Ortop Pol,,Poland,1928,2011,0,Orthopedics;Traumatology,446007
0075674,Clinical orthopaedics and related research,Clin Orthop Relat Res,0009-921X;1528-1132,United States,1963,9999,1,Orthopedics,75674
101675083,Clinical spine surgery,Clin Spine Surg,2380-0186;2380-0194,United States,2016,9999,1,Orthopedics,101675083
101505087,Clinics in orthopedic surgery,Clin Orthop Surg,2005-291X;2005-4408,Korea (South),2009,9999,1,Orthopedics,101505087
8219527,Contemporary orthopaedics,Contemp Orthop,0194-8458,United States,1979,1996,0,Orthopedics,8219527
101176492,Current osteoporosis reports,Curr Osteoporos Rep,1544-1873;1544-2241,United States,2003,9999,1,Metabolism;Orthopedics,101176492
16440080R,Current practice in orthopaedic surgery,Curr Pract Orthop Surg,0070-203X,United States,1963,1979,0,Orthopedics,162399
0331266,Der Orthopäde,Orthopade,0085-4530;1433-0431,Germany,1972,2022,0,Orthopedics,331266
9918384887206676,Die Orthopädie,Orthopadie (Heidelb),2731-7153;2731-7145,Germany,2022,9999,1,Orthopedics,384228
101265191,Eklem hastalıkları ve cerrahisi = Joint diseases & related surgery,Eklem Hastalik Cerrahisi,1305-8282;1309-0313,Turkey,2005,2019,0,Orthopedics,101265191
7611997,Ergebnisse der Chirurgie und Orthopädie,Ergeb Chir Orthop,0300-8681,Germany,1910,1971,0,General Surgery;Orthopedics,7611997
9518037,European journal of orthopaedic surgery & traumatology : orthopédie traumatologie,Eur J Orthop Surg Traumatol,1633-8065;1432-1068,France,1995,9999,1,Orthopedics;Traumatology,9518037
9301980,"European spine journal : official publication of the European Spine Society, the European Spinal Deformity Society, and the European Section of the Cervical Spine Research Society",Eur Spine J,0940-6719;1432-0932,Germany,1992,9999,1,Orthopedics,9301980
8010104,Foot & ankle,Foot Ankle,0198-0211,United States,1980,1993,0,Orthopedics,8010104
9433869,Foot & ankle international,Foot Ankle Int,1071-1007;1944-7876,United States,1994,9999,1,Orthopedics,9433869
101473598,Foot & ankle specialist,Foot Ankle Spec,1938-6400;1938-7636,United States,2008,9999,1,Orthopedics;Podiatry,101473598
9615073,Foot and ankle clinics,Foot Ankle Clin,1083-7515;1558-1934,United States,1996,9999,1,Orthopedics,9615073
9609647,Foot and ankle surgery : official journal of the European Society of Foot and Ankle Surgeons,Foot Ankle Surg,1268-7731;1460-9584,France,1996,9999,1,Orthopedics,9609647
9416830,Gait & posture,Gait Posture,0966-6362;1879-2219,England,1993,9999,1,Orthopedics,9416830
101264149,Hand : official journal of the American Association for Hand Surgery,Hand (N Y),1558-9447;1558-9455,United States,2006,9999,1,General Surgery;Orthopedics,101264149
8510415,Hand clinics,Hand Clin,0749-0712;1558-1969,United States,1985,9999,1,Orthopedics,8510415
101245792,Head & face medicine,Head Face Med,1746-160X,England,2005,9999,1,Dentistry;Medicine;Orthopedics,101245792
9200413,Hip international : the journal of clinical and experimental research on hip pathology and therapy,Hip Int,1120-7000;1724-6067,United States,1991,9999,1,Orthopedics,9200413
7507149,Instructional course lectures,Instr Course Lect,0065-6895,United States,1943,9999,1,Orthopedics,7507149
101528681,International journal of orthopaedic and trauma nursing,Int J Orthop Trauma Nurs,1878-1241;1878-1292,England,2010,9999,1,Nursing;Orthopedics;Traumatology,101528681
7705431,International orthopaedics,Int Orthop,0341-2695;1432-5195,Germany,1977,9999,1,Orthopedics,7705431
7511480,Italian journal of orthopaedics and traumatology,Ital J Orthop Traumatol,0390-5489,Italy,1975,1993,0,Orthopedics;Traumatology,7511480
7801241,Italian journal of orthopaedics and traumatology.  Supplementum,Ital J Orthop Traumatol Suppl,,Italy,1975,1978,0,Orthopedics;Traumatology,7801241
101596828,JBJS case connector,JBJS Case Connect,2160-3251,United States,2011,9999,1,Orthopedics,101596828
101674872,JBJS reviews,JBJS Rev,2329-9185,United States,2013,9999,1,Orthopedics,101674872
101764223,Joint diseases and related surgery,Jt Dis Relat Surg,2687-4792;2687-4784,Turkey,2020,9999,1,Orthopedics,101764223
9918938929606676,JOSPT open,JOSPT Open,2832-8280,United States,2022,9999,1,Orthopedics;Sports Medicine,137550
8610640,Journal of bone and mineral research : the official journal of the American Society for Bone and Mineral Research,J Bone Miner Res,0884-0431;1523-4681,England,1986,9999,1,Metabolism;Orthopedics,8610640
9808212,Journal of clinical densitometry : the official journal of the International Society for Clinical Densitometry,J Clin Densitom,1094-6950,United States,1998,9999,1,Clinical Laboratory Techniques;Metabolism;Orthopedics,9808212
9518034,Journal of clinical rheumatology : practical reports on rheumatic & musculoskeletal diseases,J Clin Rheumatol,1076-1608;1536-7355,United States,1995,9999,1,Orthopedics;Physiology;Rheumatology,9518034
101471610,Journal of foot and ankle research,J Foot Ankle Res,1757-1146,United States,2008,9999,1,Orthopedics;Podiatry,101471610
101680867,Journal of ISAKOS : joint disorders & orthopaedic sports medicine,J ISAKOS,2059-7762;2059-7754,England,2016,9999,1,Orthopedics;Sports Medicine,101680867
101084496,Journal of musculoskeletal & neuronal interactions,J Musculoskelet Neuronal Interact,1108-7161,Greece,2000,9999,1,Neurology;Orthopedics;Physiology,101084496
8404726,Journal of orthopaedic research : official publication of the Orthopaedic Research Society,J Orthop Res,0736-0266;1554-527X,United States,1983,9999,1,Orthopedics,8404726
9604934,Journal of orthopaedic science : official journal of the Japanese Orthopaedic Association,J Orthop Sci,0949-2658;1436-2023,Japan,1996,9999,1,Orthopedics,9604934
9440382,Journal of orthopaedic surgery,J Orthop Surg (Hong Kong),1022-5536;2309-4990,England,1993,9999,1,Orthopedics,9440382
101265112,Journal of orthopaedic surgery and research,J Orthop Surg Res,1749-799X,England,2006,9999,1,Orthopedics,101265112
8807705,Journal of orthopaedic trauma,J Orthop Trauma,0890-5339;1531-2291,United States,1987,9999,1,Orthopedics;Traumatology,8807705
101090931,Journal of orthopaedics and traumatology : official journal of the Italian Society of Orthopaedics and Traumatology,J Orthop Traumatol,1590-9921;1590-9999,Italy,2000,9999,1,Orthopedics;Traumatology,101090931
8109053,Journal of pediatric orthopedics,J Pediatr Orthop,0271-6798;1539-2570,United States,1981,9999,1,Orthopedics;Pediatrics,8109053
9300904,Journal of pediatric orthopedics. Part B,J Pediatr Orthop B,1060-152X;1473-5865,United States,1992,9999,1,Orthopedics;Pediatrics,9300904
9206499,Journal of shoulder and elbow surgery,J Shoulder Elbow Surg,1058-2746;1532-6500,United States,1992,9999,1,General Surgery;Orthopedics,9206499
8904842,Journal of spinal disorders,J Spinal Disord,0895-0385,United States,1988,2001,0,Orthopedics,8904842
101140323,Journal of spinal disorders & techniques,J Spinal Disord Tech,1536-0652;1539-2465,United States,2002,2015,0,Orthopedics,101140323
101197881,Journal of surgical orthopaedic advances,J Surg Orthop Adv,1548-825X,United States,2003,9999,1,Orthopedics,101197881
101724868,Journal of the American Academy of Orthopaedic Surgeons. Global research & reviews,J Am Acad Orthop Surg Glob Res Rev,2474-7661,United States,2017,9999,1,Orthopedics,101724868
9211289,Journal of the Southern Orthopaedic Association,J South Orthop Assoc,1059-1052,United States,1992,2003,0,Orthopedics,9211289
0372573,La Chirurgia degli organi di movimento,Chir Organi Mov,0009-4749;1973-2538,Italy,1917,2009,0,Orthopedics,372573
0372601,La Clinica ortopedica,Clin Ortop,0009-9023,Italy,1949,1976,0,Orthopedics,372601
0074071,"Magyar traumatológia, orthopaedia és helyreállító sebészet",Magy Traumatol Orthop Helyreallito Seb,0025-0317,Hungary,1960,1992,0,General Surgery;Orthopedics;Traumatology,74071
9313834,"Magyar traumatológia, ortopédia, kézsebészet, plasztikai sebészet",Magy Traumatol Ortop Kezseb Plasztikai Seb,,Hungary,1992,9999,0,General Surgery;Orthopedics;Traumatology,9313834
7900146,Metabolic bone disease & related research,Metab Bone Dis Relat Res,0221-8747,France,1978,1984,0,Metabolism;Orthopedics,7900146
2984772R,Minerva ortopedica,Minerva Ortop,0026-4911,Italy,1950,1986,0,Orthopedics,445777
0035777,Modern trends in orthopaedics,Mod Trends Orthop,0077-0159,England,1950,1972,0,Orthopedics,35777
101181344,Musculoskeletal care,Musculoskeletal Care,1478-2189;1557-0681,England,2003,9999,1,Orthopedics;Physiology,101181344
101498346,Musculoskeletal surgery,Musculoskelet Surg,2035-5106;2035-5114,Italy,2010,9999,1,Orthopedics,101498346
0413716,Nihon Seikeigeka Gakkai zasshi,Nihon Seikeigeka Gakkai Zasshi,0021-5325;2758-7479,Japan,1926,9999,0,Orthopedics,413716
7508036,ONA journal,ONA J,0098-4337,United States,1974,1979,0,Nursing;Orthopedics,7508036
9604937,Operative Orthopädie und Traumatologie,Oper Orthop Traumatol,0934-6694;1439-0981,Germany,1989,9999,1,Orthopedics;Traumatology,9604937
0401023,Orizzonti della ortopedia odierna e della riabilitazione,Orizz Ortop Odie Riabil,0030-5626,Italy,1956,1967,0,Orthopedics;Physical and Rehabilitation Medicine,401023
9310814,Orthopaedic physical therapy clinics of North America,Orthop Phys Ther Clin N Am,1059-1516,United States,1992,2002,0,Orthopedics,9310814
0431766,Orthopaedic review,Orthop Rev,0094-6591,United States,1972,1994,0,Orthopedics,431766
101501666,Orthopaedic surgery,Orthop Surg,1757-7853;1757-7861,Australia,2009,9999,1,Orthopedics,101501666
101494830,"Orthopaedics & traumatology, surgery & research : OTSR",Orthop Traumatol Surg Res,1877-0568,France,2009,9999,1,General Surgery;Orthopedics;Traumatology,101494830
8409486,Orthopedic nursing,Orthop Nurs,0744-6020;1542-538X,United States,1982,9999,1,Nursing;Orthopedics,8409486
7806107,Orthopedics,Orthopedics,0147-7447;1938-2367,United States,1978,9999,1,Orthopedics,7806107
101240146,"Ortopedia, traumatologia, rehabilitacja",Ortop Traumatol Rehabil,1509-3492;2084-4336,Poland,1999,9999,1,Orthopedics;Physical and Rehabilitation Medicine;Traumatology,101240146
0376411,Ortopediia travmatologiia i protezirovanie,Ortop Travmatol Protez,0030-5987;2518-1882,Ukraine,1955,9999,0,Biomedical Engineering;Orthopedics;Traumatology,376411
9305697,Osteoarthritis and cartilage,Osteoarthritis Cartilage,1063-4584;1522-9653,England,1993,9999,1,Orthopedics;Rheumatology,9305697
9100105,Osteoporosis international : a journal established as result of cooperation between the European Foundation for Osteoporosis and the National Osteoporosis Foundation of the USA,Osteoporos Int,0937-941X;1433-2965,England,1990,9999,1,Metabolism;Orthopedics,9100105
101593867,Polish orthopedics and traumatology,Pol Orthop Traumatol,0009-479X,United States,2012,9999,0,Orthopedics;Traumatology,101593867
7707720,Prosthetics and orthotics international,Prosthet Orthot Int,0309-3646;1746-1553,France,1977,9999,1,Biomedical Engineering;Orthopedics,7707720
101477399,Revista española de cirugía ortopédica y traumatología,Rev Esp Cir Ortop Traumatol,1888-4415;1988-8856,Spain,2008,9999,1,Orthopedics;Traumatology,101477399
101778596,Revista española de cirugía ortopédica y traumatología,Rev Esp Cir Ortop Traumatol (Engl Ed),2173-576X,Spain,2007,2021,0,Orthopedics;Traumatology,101778596
1272427,Revue de chirurgie orthopédique et réparatrice de l'appareil moteur,Rev Chir Orthop Reparatrice Appar Mot,0035-1040;1776-2553,France,1951,2008,0,General Surgery;Orthopedics,1272427
0413745,Seikeigeka. Orthopedic surgery,Seikei Geka,0030-5901,Japan,1950,9999,0,General Surgery;Orthopedics,413745
9100390,Seminars in arthroplasty,Semin Arthroplasty,1045-4527;1558-4437,United States,1990,9999,0,Orthopedics,9100390
9717520,Seminars in musculoskeletal radiology,Semin Musculoskelet Radiol,1089-7860;1098-898X,United States,1997,9999,1,Orthopedics;Physiology;Radiology,9717520
7701953,Skeletal radiology,Skeletal Radiol,0364-2348;1432-2161,Germany,1976,9999,1,Orthopedics;Radiology,7701953
7610646,Spine,Spine (Phila Pa 1976),0362-2436;1528-1159,United States,1976,9999,1,Orthopedics,7610646
101603979,Spine deformity,Spine Deform,2212-134X;2212-1358,England,2013,9999,1,Orthopedics,101603979
9315689,Sports medicine and arthroscopy review,Sports Med Arthrosc Rev,1062-8592;1538-1951,United States,1993,9999,1,Orthopedics;Sports Medicine,9315689
8904133,Sportverletzung Sportschaden : Organ der Gesellschaft für Orthopädisch-Traumatologische Sportmedizin,Sportverletz Sportschaden,0932-0555;1439-1236,Germany,1987,9999,1,Orthopedics;Sports Medicine,8904133
8804841,The American journal of knee surgery,Am J Knee Surg,0899-7403,United States,1988,2001,0,General Surgery;Orthopedics,8804841
7611912,The American journal of orthopedic surgery,Am J Orthop Surg,0065-9002,United States,1968,1970,0,Orthopedics,7611912
9502918,The American journal of orthopedics,Am J Orthop (Belle Mead NJ),1078-4519;1934-3418,United States,1995,2018,0,Orthopedics,9502918
0134543,The American journal of orthopedics,Am J Orthop,0891-7507,United States,1960,1967,0,Orthopedics,134543
101599229,The bone & joint journal,Bone Joint J,2049-4394;2049-4408,England,2013,9999,1,General Surgery;Orthopedics,101599229
9109564,The Foot,Foot (Edinb),0958-2592;1532-2963,Scotland,1991,9999,1,Orthopedics,9109564
7511195,The Hip,Hip,0095-7216,United States,1973,1987,0,Orthopedics,7511195
8908272,The Iowa orthopaedic journal,Iowa Orthop J,1541-5457;1555-1377,United States,1981,9999,1,Orthopedics,8908272
8703515,The Journal of arthroplasty,J Arthroplasty,0883-5403;1532-8406,United States,1986,9999,1,Orthopedics,8703515
0014030,The Journal of bone and joint surgery. American volume,J Bone Joint Surg Am,0021-9355;1535-1386;1058-2436,United States,1948,9999,1,General Surgery;Orthopedics,14030
0375355,The Journal of bone and joint surgery. British volume,J Bone Joint Surg Br,0301-620X;2044-5377;0968-7300,England,1948,2012,0,General Surgery;Orthopedics,375355
9308427,The Journal of foot and ankle surgery : official publication of the American College of Foot and Ankle Surgeons,J Foot Ankle Surg,1067-2516;1542-2224,United States,1993,9999,1,General Surgery;Orthopedics,9308427
101137599,The journal of knee surgery,J Knee Surg,1538-8506;1938-2480,Germany,2002,9999,1,General Surgery;Orthopedics,101137599
7908150,The Journal of orthopaedic and sports physical therapy,J Orthop Sports Phys Ther,0190-6011;1938-1344,United States,1979,9999,1,Orthopedics;Physical and Rehabilitation Medicine;Sports Medicine,7908150
9417468,The Journal of the American Academy of Orthopaedic Surgeons,J Am Acad Orthop Surg,1067-151X;1940-5480,United States,1993,9999,1,General Surgery;Orthopedics,9417468
9430798,The Knee,Knee,0968-0160;1873-5800,Netherlands,1994,9999,1,Orthopedics,9430798
0254463,The Orthopedic clinics of North America,Orthop Clin North Am,0030-5898;1558-1373,United States,1970,9999,1,Orthopedics,254463
101130732,The spine journal : official journal of the North American Spine Society,Spine J,1529-9430;1878-1632,United States,2001,9999,1,Orthopedics,101130732
8906319,Veterinary and comparative orthopaedics and traumatology : V.C.O.T,Vet Comp Orthop Traumatol,0932-0814;2567-6911,Germany,1988,9999,1,Orthopedics;Traumatology;Veterinary Medicine,8906319
1256465,Zeitschrift für Orthopädie und ihre Grenzgebiete,Z Orthop Ihre Grenzgeb,0044-3220,Germany,1935,2007,0,Orthopedics,1256465
101308227,Zeitschrift für Orthopädie und Unfallchirurgie,Z Orthop Unfall,1864-6697;1864-6743,Germany,2007,9999,1,Orthopedics;Traumatology,101308227
9815790,Zhongguo gu shang = China journal of orthopaedics and traumatology,Zhongguo Gu Shang,1003-0034,China,1987,9999,1,Orthopedics;Traumatology,9815790
