term,n,y0,peak_year,docs_total,prevalence_2021_2025_pct,zawiera_liczbe
evidence,1,2011,2019,36946,18.755,False
level,1,2014,2019,37053,18.123,False
january,1,2019,2025,14902,9.299,False
impact,1,2021,2025,7984,5.504,False
95,1,2021,2025,8811,5.405,True
risk factor,2,2020,2024,8938,5.146,False
sex,1,2022,2025,7443,4.66,False
visual analog scale,3,2020,2025,5881,3.47,False
stay,1,2018,2024,6080,3.405,False
95 confidence interval,3,2014,2025,6529,3.37,True
participant,1,2018,2025,5437,3.068,False
rom,1,2014,2025,5298,3.022,False
last follow up,3,2017,2022,5507,2.894,False
randomized controlled trial,3,2012,2025,4711,2.518,False
visual analogue scale,3,2014,2025,3918,2.098,False
primary total knee arthroplasty,4,2019,2025,3709,2.062,False
higher rate,2,2021,2025,2958,1.941,False
proportion,1,2017,2025,2947,1.75,False
level iv,2,2003,2014,4399,1.673,False
higher risk,2,2016,2025,2683,1.663,False
oswestry disability index,3,2007,2023,2946,1.658,False
complete description,2,2003,2014,3959,1.573,False
open reduction internal fixation,4,2020,2025,2611,1.562,False
multivariate analysis,2,2016,2022,2591,1.497,False
female,1,2023,2025,2438,1.32,False
single institution,2,2012,2025,2048,1.277,False
mean difference,2,2012,2025,2008,1.227,False
anterior cervical discectomy fusion,4,2013,2025,1942,1.177,False
adverse event,2,2010,2024,2106,1.158,False
unicompartmental knee arthroplasty,3,2018,2024,2005,1.14,False
knee osteoarthritis,2,2015,2024,1998,1.119,False
hip arthroscopy,2,2018,2021,2035,1.075,False
finite element analysis,3,2020,2024,1496,1.075,False
demographic data,2,2016,2024,1636,1.065,False
obesity,1,2014,2025,1940,1.017,False
future study,2,2019,2025,1661,1.013,False
utilization,1,2022,2024,1503,0.936,False
radiographic parameter,2,2013,2025,1369,0.936,False
aofas,1,2012,2025,1754,0.924,False
clinical and radiological outcome,4,2016,2024,1603,0.891,False
american society,2,2014,2020,1485,0.837,False
no consensus,2,2019,2022,1474,0.831,False
primary outcome measure,3,2011,2021,1562,0.83,False
ikdc,1,2011,2024,1628,0.812,False
surgical time,2,2023,2025,1233,0.808,False
minimum 2 year follow up,5,2020,2023,1329,0.792,True
30 day,2,2018,2019,1562,0.789,True
ais,1,2011,2025,1330,0.783,False
future research,2,2017,2025,1027,0.778,False
heterogeneity,1,2015,2025,1167,0.767,False
therapeutic study,2,2003,2009,2546,0.757,False
surgical complication,2,2020,2024,1237,0.741,False
transforaminal lumbar interbody fusion,4,2013,2023,1242,0.738,False
consecutive patient,2,2016,2021,1309,0.709,False
oxford knee score,3,2007,2025,1160,0.701,False
rsa,1,2020,2024,1208,0.699,False
anesthesiologist,1,2018,2016,1318,0.692,False
retrospective case series,3,2013,2015,1504,0.686,False
retrospective comparative study,3,2005,2025,1206,0.675,False
clinical effect,2,2012,2022,1457,0.654,False
arthroscopic rotator cuff repair,4,2014,2024,1208,0.653,False
chi square test,3,2014,2025,882,0.653,False
pt,1,2020,2022,906,0.614,False
this cohort,2,2014,2025,1064,0.599,False
osteoporotic vertebral compression fracture,4,2016,2025,930,0.592,False
total knee arthroplasty patient,4,2014,2024,910,0.576,False
surgical fixation,2,2014,2025,1021,0.573,False
implant survival,2,2014,2025,1083,0.561,False
level ii,2,2005,2014,1436,0.554,False
observational study,2,2018,2025,859,0.537,False
case control study,3,2013,2019,1301,0.519,False
2 4,2,2016,2021,920,0.512,True
decision making,2,2018,2024,923,0.512,False
prosthetic joint infection,3,2009,2022,908,0.499,False
anxiety,1,2018,2025,802,0.499,False
2 2,2,2020,2022,891,0.486,True
primary endpoint,2,2010,2025,824,0.48,False
3 3,2,2018,2024,828,0.479,True
index surgery,2,2015,2024,856,0.471,False
joa score,2,2011,2023,968,0.47,False
novel technique,2,2013,2025,1017,0.463,False
2 9,2,2013,2025,815,0.457,True
psf,1,2015,2025,598,0.454,False
neck disability index,3,2009,2016,885,0.454,False
emergency department,2,2017,2018,928,0.444,False
locking plate,2,2006,2011,1119,0.438,False
american shoulder,2,2017,2023,762,0.437,False
aofas score,2,2012,2025,831,0.432,False
older adult,2,2018,2025,594,0.432,False
proximal humerus fracture,3,2021,2025,767,0.431,False
constant murley score,3,2010,2023,686,0.427,False
elbow surgeon,2,2017,2023,725,0.422,False
3 9,2,2023,2024,735,0.413,True
fisher s exact test,4,2021,2025,592,0.408,False
ucla,1,2010,2025,780,0.402,False
international knee documentation committee,4,2011,2022,871,0.399,False
6 3,2,2010,2025,688,0.398,True
adverse outcome,2,2017,2025,608,0.387,False
4 4,2,2010,2025,653,0.382,True
knee range,2,2023,2025,634,0.38,False
ct image,2,2022,2022,717,0.374,False
clinical decision making,3,2022,2025,498,0.373,False
sensitivity analysis,2,2012,2025,645,0.371,False
all time point,3,2018,2025,598,0.37,False
4 1,2,2020,2022,673,0.368,True
adjacent segment disease,3,2009,2022,648,0.368,False
5 1,2,2019,2021,598,0.366,True
5 7,2,2021,2025,610,0.36,True
study level,2,2006,2014,857,0.357,False
therapeutic level iv,3,2005,2018,854,0.348,False
level i,2,2005,2015,754,0.347,False
logistic regression model,3,2013,2023,507,0.347,False
66 7,2,2018,2025,595,0.345,True
incision length,2,2019,2025,420,0.345,False
clinical and functional outcome,4,2011,2025,586,0.344,False
obese patient,2,2012,2025,817,0.342,False
pvp,1,2008,2025,619,0.341,False
3 0,2,2018,2025,591,0.335,True
dash,1,2011,2016,832,0.335,False
these outcome,2,2017,2025,569,0.334,False
qol,1,2012,2024,600,0.334,False
4 6,2,2015,2024,591,0.334,True
greater improvement,2,2023,2025,573,0.334,False
sample size,2,2023,2024,550,0.332,False
4 0,2,2016,2022,528,0.332,True
postoperative follow up,3,2022,2025,626,0.329,False
incidence rate,2,2016,2025,556,0.328,False
most common reason,3,2022,2023,609,0.324,False
worse outcome,2,2018,2025,600,0.322,False
dysphagia,1,2016,2016,654,0.319,False
total hip and knee arthroplasty,5,2015,2020,647,0.318,False
barrier,1,2023,2023,529,0.316,False
limited evidence,2,2012,2025,497,0.316,False
total blood loss,3,2016,2018,689,0.313,False
adjacent segment degeneration,3,2007,2018,687,0.309,False
pcs,1,2013,2022,553,0.308,False
cochrane central register,3,2004,2021,747,0.308,False
kaplan meier survival analysis,4,2022,2025,458,0.306,False
study cohort,2,2015,2024,540,0.303,False
oxford hip score,3,2008,2025,562,0.297,False
6 2,2,2018,2025,567,0.297,True
tegner score,2,2017,2025,540,0.295,False
mayo elbow performance score,4,2008,2025,633,0.293,False
adoption,1,2020,2025,422,0.293,False
ps,1,2013,2024,456,0.292,False
robotic,1,2021,2025,295,0.29,False
excellent and good rate,4,2007,2009,637,0.289,False
medical comorbidity,2,2010,2022,529,0.287,False
prospective randomized controlled trial,4,2020,2024,550,0.286,False
knee stability,2,2011,2024,584,0.283,False
intraclass correlation coefficient,3,2011,2025,536,0.281,False
revision anterior cruciate ligament reconstruction,5,2017,2023,458,0.281,False
womac score,2,2008,2021,592,0.281,False
lumbar fusion surgery,3,2014,2025,393,0.277,False
harris score,2,2020,2022,507,0.277,False
8 8,2,2019,2024,475,0.274,True
clinical characteristic,2,2016,2023,528,0.273,False
longer operative time,3,2018,2025,357,0.273,False
9 8,2,2016,2025,456,0.271,True
satisfactory clinical outcome,3,2019,2023,488,0.27,False
visit,1,2018,2024,384,0.268,False
level iv case series,4,2012,2018,652,0.265,False
radiographic and clinical outcome,4,2014,2025,426,0.265,False
superior outcome,2,2016,2025,346,0.263,False
forward flexion,2,2019,2023,489,0.261,False
8 9,2,2018,2025,448,0.26,True
cement leakage,2,2009,2021,650,0.26,False
baseline data,2,2022,2024,323,0.26,False
electronic database,2,2012,2017,564,0.258,False
minimum 5 year follow up,5,2017,2022,417,0.258,True
implant positioning,2,2021,2025,446,0.257,False
conventional group,2,2010,2022,483,0.254,False
small sample size,3,2013,2025,392,0.254,False
level v,2,2014,2006,396,0.248,False
13 3,2,2016,2024,458,0.248,True
hva,1,2017,2025,349,0.247,False
biomechanical performance,2,2018,2025,360,0.247,False
von mise,2,2020,2023,320,0.244,False
7 0,2,2021,2025,400,0.239,True
7 9,2,2022,2022,447,0.239,True
healthy control,2,2014,2025,467,0.238,False
ima,1,2021,2025,344,0.236,False
better clinical outcome,3,2012,2023,516,0.235,False
available evidence,2,2012,2021,478,0.235,False
dash score,2,2012,2013,627,0.235,False
patient safety,2,2011,2025,437,0.234,False
significant impact,2,2009,2025,415,0.234,False
expert opinion,2,2014,2006,416,0.231,False
postoperative delirium,2,2017,2025,312,0.231,False
entire cohort,2,2016,2024,344,0.231,False
8 4,2,2011,2021,432,0.229,True
anterior cruciate ligament reconstruction surgery,5,2018,2024,343,0.229,False
anemia,1,2018,2022,388,0.229,False
kyphoplasty,1,2008,2009,1012,0.229,False
two study,2,2021,2024,397,0.228,False
intraoperative fluoroscopy,2,2022,2024,366,0.228,False
key factor,2,2021,2025,377,0.226,False
11 5,2,2017,2025,385,0.226,True
different time point,3,2016,2022,366,0.223,False
kaplan meier method,3,2017,2022,440,0.222,False
video,1,2020,2021,359,0.221,False
femoroacetabular impingement,2,2007,2021,546,0.221,False
8 6,2,2013,2019,465,0.221,True
micro,1,2015,2018,579,0.221,False
surgery time,2,2013,2025,383,0.219,False
outlier,1,2011,2014,485,0.218,False
hrqol,1,2014,2016,491,0.218,False
respectively p,2,2018,2022,396,0.216,False
prior study,2,2023,2025,370,0.212,False
any time point,3,2016,2025,340,0.21,False
clinical effectiveness,2,2018,2022,407,0.21,False
favorable clinical outcome,3,2023,2025,263,0.21,False
glenoid bone loss,3,2014,2024,320,0.21,False
lss,1,2018,2025,342,0.207,False
ebl,1,2017,2024,305,0.207,False
chi squared test,3,2018,2025,286,0.205,False
further analysis,2,2011,2024,357,0.205,False
postoperative improvement,2,2020,2024,334,0.203,False
prescription,1,2018,2020,339,0.203,False
10 9,2,2015,2022,352,0.202,True
minimum 1 year follow up,5,2015,2023,295,0.199,True
10 8,2,2022,2024,366,0.196,True
postoperative pain score,3,2017,2025,324,0.194,False
high accuracy,2,2020,2025,294,0.193,False
11 4,2,2023,2021,319,0.193,True
13 6,2,2015,2025,355,0.193,True
spss,1,2017,2025,318,0.193,False
conventional total knee arthroplasty,4,2010,2025,338,0.191,False
implant related complication,3,2014,2025,331,0.191,False
surgeon experience,2,2017,2025,344,0.191,False
some study,2,2019,2016,404,0.191,False
log rank test,3,2022,2025,304,0.191,False
postoperative ct scan,3,2016,2025,409,0.19,False
14 8,2,2018,2023,336,0.19,True
tar,1,2012,2022,343,0.19,False
similar improvement,2,2016,2023,299,0.189,False
polyetheretherketone,1,2013,2016,363,0.189,False
fatty infiltration,2,2012,2023,340,0.187,False
hand score,2,2010,2022,388,0.187,False
controlled laboratory study,3,2003,2013,665,0.187,False
pf,1,2017,2025,315,0.187,False
9 9,2,2023,2025,324,0.186,True
unique challenge,2,2023,2025,281,0.186,False
definitive fixation,2,2021,2023,287,0.184,False
simple shoulder test,3,2010,2023,448,0.184,False
risk stratification,2,2022,2025,260,0.184,False
corrective surgery,2,2017,2025,371,0.184,False
functional outcome score,3,2014,2021,383,0.183,False
t0,1,2016,2023,298,0.183,False
sst,1,2012,2022,390,0.183,False
no statistical significance,3,2011,2023,381,0.181,False
ir,1,2019,2025,264,0.181,False
14 1,2,2017,2024,272,0.181,True
demographic factor,2,2020,2023,279,0.181,False
forward elevation,2,2020,2025,287,0.181,False
24 month follow up,4,2011,2025,360,0.18,True
tegner activity score,3,2019,2022,328,0.18,False
rib fracture,2,2017,2024,265,0.18,False
student t test,3,2013,2013,445,0.178,False
novel method,2,2009,2013,437,0.178,False
laterality,1,2020,2025,259,0.178,False
12 3,2,2020,2025,307,0.178,True
comprehensive review,2,2014,2025,342,0.178,False
statistically significant p,3,2022,2022,262,0.177,False
devastating complication,2,2014,2024,342,0.177,False
two author,2,2012,2022,342,0.176,False
labral repair,2,2014,2019,325,0.176,False
implant position,2,2006,2024,418,0.176,False
ct imaging,2,2017,2025,322,0.174,False
similar clinical outcome,3,2014,2022,293,0.174,False
er,1,2016,2023,299,0.174,False
kruskal wallis test,3,2021,2025,252,0.173,False
therapeutic level i,3,2016,2025,306,0.173,False
lcp,1,2007,2009,472,0.173,False
published literature,2,2016,2023,400,0.171,False
12 1,2,2017,2023,303,0.17,True
end stage osteoarthritis,3,2014,2024,296,0.17,False
patient experience,2,2019,2024,290,0.17,False
therapeutic iv,2,2007,2014,462,0.17,False
back and leg pain,4,2012,2025,359,0.168,False
publication bias,2,2015,2025,260,0.168,False
female gender,2,2015,2015,479,0.168,False
pff,1,2020,2024,196,0.168,False
socioeconomic status,2,2022,2024,248,0.168,False
knee flexion angle,3,2022,2025,302,0.167,False
12 male,2,2010,2016,458,0.167,True
increased cost,2,2014,2016,337,0.167,False
increased complication,2,2020,2024,251,0.165,False
qaly,1,2013,2016,414,0.165,False
diagnostic performance,2,2020,2025,263,0.164,False
mean vas score,3,2011,2017,388,0.164,False
pso,1,2014,2014,335,0.164,False
excellent clinical outcome,3,2015,2022,360,0.162,False
visual analog score,3,2018,2023,288,0.162,False
multiple linear regression analysis,4,2018,2020,258,0.161,False
decreased risk,2,2019,2025,276,0.161,False
11 9,2,2013,2020,317,0.161,True
20 0,2,2021,2024,231,0.16,True
13 0,2,2019,2024,247,0.16,True
mean operation time,3,2012,2020,390,0.16,False
glenohumeral osteoarthritis,2,2020,2025,232,0.158,False
clinical impact,2,2021,2025,239,0.157,False
pivot shift test,3,2011,2012,459,0.157,False
67 year,2,2021,2024,282,0.157,True
11 2,2,2020,2023,283,0.157,True
bonferroni correction,2,2022,2025,189,0.157,False
preoperative imaging,2,2019,2025,253,0.155,False
90 9,2,2022,2020,300,0.155,True
component positioning,2,2023,2021,264,0.155,False
12 6,2,2015,2025,278,0.155,True
improved clinical outcome,3,2023,2025,276,0.155,False
outcome variable,2,2014,2019,367,0.154,False
average operation time,3,2019,2022,296,0.152,False
radiographic data,2,2014,2023,323,0.152,False
kaplan meier curve,3,2020,2025,210,0.152,False
16 1,2,2019,2022,231,0.152,True
16 3,2,2015,2025,264,0.151,True
58 3,2,2020,2025,235,0.151,True
quality adjusted life year,4,2013,2016,367,0.151,False
hip joint function,3,2021,2024,196,0.149,False
associated risk factor,3,2017,2025,260,0.149,False
27 8,2,2017,2022,248,0.149,True
clavicle fracture,2,2015,2023,309,0.148,False
vertebral augmentation,2,2013,2025,302,0.147,False
key point,2,2019,2025,255,0.147,False
higher likelihood,2,2022,2025,236,0.147,False
concomitant procedure,2,2022,2022,246,0.145,False
veteran,1,2020,2021,208,0.145,False
white,1,2022,2024,206,0.145,False
13 2,2,2014,2023,282,0.144,True
l4 5,2,2021,2023,244,0.144,True
previous research,2,2020,2025,234,0.144,False
ht,1,2020,2024,198,0.144,False
srs 22,2,2021,2025,215,0.144,True
finite element study,3,2022,2024,242,0.142,False
linear regression model,3,2023,2025,221,0.142,False
postoperative imaging,2,2017,2025,259,0.142,False
16 5,2,2023,2025,251,0.141,True
study selection,2,2012,2021,263,0.141,False
noise,1,2022,2024,242,0.141,False
functional and radiological outcome,4,2017,2025,228,0.141,False
weight loss,2,2013,2025,267,0.139,False
42 9,2,2017,2025,244,0.139,True
inflammatory marker,2,2023,2025,190,0.139,False
any revision,2,2022,2025,180,0.138,False
20 8,2,2023,2019,254,0.138,True
cta,1,2021,2023,244,0.138,False
preoperative data,2,2017,2022,249,0.138,False
more research,2,2020,2024,252,0.138,False
this randomized controlled trial,4,2018,2025,223,0.138,False
usual care,2,2018,2024,255,0.136,False
86 7,2,2022,2024,251,0.136,True
pelvic fixation,2,2021,2025,200,0.136,False
73 3,2,2022,2025,201,0.135,True
increased age,2,2021,2023,225,0.135,False
fe,1,2023,2023,237,0.135,False
short term clinical outcome,4,2019,2025,227,0.135,False
robustness,1,2023,2025,199,0.135,False
tplo,1,2010,2023,295,0.135,False
92 3,2,2016,2024,272,0.135,True
oswestry disability index score,4,2017,2022,272,0.135,False
lower limb alignment,3,2022,2025,198,0.133,False
perioperative care,2,2018,2025,228,0.133,False
preoperative measurement,2,2016,2025,249,0.132,False
qualitative study,2,2022,2024,206,0.132,False
select patient,2,2022,2025,235,0.131,False
morbid obesity,2,2014,2018,250,0.131,False
postoperative rom,2,2019,2024,219,0.131,False
qualitative analysis,2,2021,2023,168,0.131,False
45 5,2,2021,2022,220,0.131,True
primary outcome variable,3,2018,2024,240,0.131,False
69 2,2,2021,2024,181,0.129,True
revision case,2,2022,2024,225,0.129,False
non surgical treatment,3,2018,2025,262,0.128,False
19 6,2,2022,2025,213,0.128,True
30 8,2,2022,2022,223,0.128,True
prospective comparative study,3,2013,2015,379,0.126,False
degenerative lumbar disease,3,2015,2025,259,0.126,False
poor clinical outcome,3,2021,2021,233,0.126,False
national institute,2,2017,2024,246,0.126,False
31 8,2,2021,2024,177,0.126,True
specialty,1,2020,2022,193,0.126,False
asia,1,2013,2018,281,0.125,False
any reoperation,2,2023,2025,161,0.123,False
14 9,2,2020,2025,237,0.123,True
incremental cost effectiveness ratio,4,2016,2022,257,0.123,False
21 3,2,2023,2024,184,0.123,True
resource utilization,2,2022,2022,216,0.122,False
patient comorbidity,2,2017,2025,219,0.122,False
alpha angle,2,2016,2020,235,0.122,False
36 4,2,2017,2025,200,0.122,True
knee rom,2,2023,2024,202,0.122,False
english language,2,2017,2023,245,0.12,False
3d ct,2,2011,2015,333,0.12,False
21 1,2,2022,2025,218,0.12,True
duplicate,1,2023,2024,202,0.12,False
94 7,2,2023,2025,209,0.119,True
more attention,2,2020,2020,227,0.119,False
pearson correlation coefficient,3,2018,2020,260,0.119,False
total hip arthroplasty surgery,4,2019,2024,186,0.118,False
outpatient surgery,2,2017,2025,198,0.118,False
postoperative dysphagia,2,2021,2022,193,0.118,False
medial patellofemoral ligament reconstruction,4,2018,2024,255,0.118,False
significance level,2,2023,2024,210,0.118,False
28 9,2,2022,2025,191,0.118,True
which factor,2,2021,2023,217,0.116,False
group difference,2,2019,2021,208,0.116,False
18 3,2,2019,2019,217,0.116,True
acromiohumeral distance,2,2023,2025,135,0.116,False
implant size,2,2023,2024,216,0.116,False
pedicle subtraction osteotomy,3,2012,2014,340,0.116,False
wilcoxon rank sum test,4,2022,2022,188,0.116,False
additional research,2,2022,2024,202,0.116,False
ceiling effect,2,2018,2019,239,0.115,False
pl,1,2021,2011,222,0.115,False
96 2,2,2020,2024,193,0.113,True
varus knee,2,2020,2014,237,0.113,False
95 2,2,2019,2021,235,0.113,True
total knee arthroplasty outcome,4,2022,2024,169,0.112,False
foot and ankle surgery,4,2009,2025,284,0.112,False
35 3,2,2022,2022,198,0.112,True
international knee documentation committee score,5,2022,2024,212,0.11,False
surgical training,2,2023,2023,158,0.11,False
multiple study,2,2022,2025,207,0.11,False
pauwel,1,2022,2024,124,0.11,False
posterior lumbar fusion,3,2018,2021,200,0.11,False
21 5,2,2020,2025,187,0.11,True
minimally invasive plate osteosynthesis,4,2011,2012,295,0.109,False
play,1,2017,2017,217,0.109,False
sf 12,2,2013,2018,260,0.109,True
highly cross linked polyethylene,4,2015,2008,257,0.107,False
computer navigation,2,2007,2007,446,0.107,False
88 2,2,2019,2021,220,0.107,True
lt,1,2012,2022,211,0.106,False
17 7,2,2023,2019,204,0.104,True
32 5,2,2022,2023,176,0.104,True
recent finding,2,2017,2022,278,0.104,False
p 0 003,3,2011,2011,253,0.104,True
3 and 12 month,4,2023,2024,195,0.103,True
blood transfusion rate,3,2019,2017,190,0.103,False
recurrent anterior shoulder instability,4,2018,2020,216,0.103,False
tpa,1,2022,2023,177,0.102,False
recent evidence,2,2023,2025,206,0.102,False
cg,1,2023,2015,193,0.102,False
micro computed tomography,3,2011,2015,324,0.102,False
locking plate fixation,3,2011,2014,247,0.102,False
20 9,2,2020,2023,187,0.1,True
therapeutic level ii,3,2016,2017,179,0.1,False
ultrasound guidance,2,2023,2025,199,0.1,False
18 9,2,2018,2022,196,0.1,True
augment,1,2016,2024,219,0.1,False
balloon kyphoplasty,2,2006,2012,407,0.1,False
tendon healing,2,2010,2012,258,0.099,False
distal humerus fracture,3,2022,2013,219,0.097,False
computer assisted navigation,3,2006,2007,267,0.097,False
ponseti method,2,2006,2009,325,0.097,False
prospective case series,3,2016,2014,256,0.094,False
payer,1,2018,2019,192,0.094,False
malreduction,1,2017,2017,213,0.094,False
morbidly obese patient,3,2019,2016,201,0.094,False
case description,2,2016,2020,553,0.094,False
sagittal imbalance,2,2018,2015,253,0.094,False
last follow up visit,4,2019,2020,238,0.093,False
diagnostic study,2,2005,2018,346,0.091,False
posterior malleolar fracture,3,2020,2022,129,0.091,False
mris,1,2017,2019,201,0.091,False
tibial plateau leveling osteotomy,4,2023,2023,218,0.09,False
internal consistency,2,2014,2018,253,0.088,False
conventional instrumentation,2,2014,2025,173,0.088,False
prognostic study,2,2004,2008,415,0.087,False
institutional review board approval,4,2014,2020,278,0.086,False
nis,1,2014,2017,207,0.084,False
null hypothesis,2,2017,2017,219,0.083,False
tjr,1,2015,2015,240,0.081,False
autologous chondrocyte implantation,3,2006,2013,366,0.078,False
vcf,1,2008,2011,315,0.077,False
am,1,2009,2007,278,0.075,False
cartilage injury,2,2013,2017,217,0.074,False
prospective database,2,2014,2014,202,0.074,False
footprint,1,2012,2012,233,0.068,False
best available evidence,3,2018,2019,180,0.067,False
wale,1,2015,2012,206,0.064,False
hip resurfacing,2,2005,2008,572,0.064,False
tdr,1,2006,2015,319,0.061,False
component alignment,2,2013,2013,211,0.059,False
hip resurfacing arthroplasty,3,2007,2011,323,0.059,False
aci,1,2009,2013,241,0.057,False
ddd,1,2014,2016,206,0.057,False
pseudotumor,1,2013,2015,191,0.055,False
therapeutic case series,3,2006,2007,583,0.054,False
direct cost,2,2015,2016,192,0.052,False
p 0 03,3,2014,2016,267,0.052,True
vegf,1,2005,2003,230,0.051,False
anatomic anterior cruciate ligament reconstruction,5,2011,2014,190,0.044,False
total disc replacement,3,2008,2005,256,0.041,False
vascular endothelial growth factor,4,2010,2010,199,0.038,False
microcomputed tomography,2,2011,2014,177,0.038,False
locked plating,2,2011,2012,202,0.036,False
single bundle,2,2010,2012,147,0.035,False
nationwide inpatient sample,3,2012,2014,295,0.035,False
method design,2,2011,2014,222,0.029,False
author conclusion,2,2005,2012,222,0.029,False
double bundle reconstruction,3,2007,2010,141,0.025,False
dabigatran,1,2009,2011,184,0.022,False
minimum followup,2,2007,2012,631,0.0,False
last followup,2,2007,2012,220,0.0,False
