pozycja,term,n,y0,peak_year,docs_total,prevalence_pct,peak_share_pct,kategoria,wariant_do,na_mapie,w_rdzeniu_4
1,ci,1,2015,2025,10135,6.711,8.107,metoda,,False,False
2,systematic review,2,2014,2025,9343,6.552,7.045,metoda,,False,True
3,vas,1,2021,2025,10135,6.399,7.182,skala,,False,False
4,primary outcome,2,2013,2025,5937,4.841,6.708,metoda,,False,False
5,meta analysis,2,2013,2025,6936,4.77,5.316,metoda,,False,True
6,inclusion criterion,2,2016,2025,7032,4.225,5.151,metoda,,False,False
7,pubmed,1,2011,2025,5223,4.062,5.166,metoda,,False,False
8,embase,1,2013,2025,5289,3.663,4.362,metoda,,False,False
9,95 ci,2,2014,2025,5991,3.638,5.072,metoda,,False,False
10,cohort,1,2021,2025,5186,3.453,4.032,metoda,,False,False
11,retrospective cohort study,3,2017,2025,3977,3.308,4.326,metoda,,False,True
12,secondary outcome,2,2013,2025,3821,3.231,4.714,metoda,,False,False
13,bmi,1,2015,2025,4427,3.183,3.989,czynnik,,False,False
14,level iii,2,2014,2024,4919,3.139,3.716,metoda,,False,False
15,body mass index,3,2022,2024,5204,3.126,3.549,,,False,False
16,patient reported outcome,3,2010,2025,2991,2.578,3.372,skala,,False,True
17,periprosthetic joint infection,3,2011,2024,3098,2.501,2.762,rozpoznanie,,True,True
18,odd ratio,2,2016,2025,3912,2.482,2.726,metoda,,False,False
19,demographic,1,2017,2025,3172,2.328,2.927,metoda,,False,False
20,comorbidity,1,2017,2025,3685,2.279,2.827,czynnik,,False,False
21,science,1,2014,2025,2456,2.209,2.949,metoda,,False,False
22,prom,1,2013,2025,2054,2.17,2.755,skala,patient reported outcome measure,False,False
23,patient reported outcome measure,4,2011,2024,2129,2.156,2.798,skala,,False,True
24,operation time,2,2019,2023,3090,2.112,2.486,wynik,,False,False
25,odi,1,2016,2025,3231,2.064,2.382,skala,,False,False
26,web,1,2013,2025,2137,1.98,2.777,metoda,,False,False
27,or,1,2018,2025,2865,1.922,2.267,metoda,,False,False
28,vas score,2,2017,2024,2925,1.919,2.06,skala,vas,False,False
29,patient demographic,2,2013,2024,2621,1.829,2.161,metoda,,False,False
30,this systematic review,3,2012,2025,2351,1.821,2.31,metoda,,False,False
31,cochrane library,2,2012,2025,2505,1.784,2.224,metoda,,False,False
32,medline,1,2021,2023,3169,1.719,1.911,metoda,,False,False
33,readmission,1,2014,2022,2332,1.68,1.876,wynik,,False,True
34,intraoperative blood loss,3,2017,2025,2072,1.655,2.16,wynik,,False,False
35,postoperative outcome,2,2020,2025,1991,1.651,2.647,wynik,,False,True
36,instruction,1,2016,2017,2960,1.629,1.882,metoda,,False,False
37,clinical efficacy,2,2020,2025,1792,1.475,2.145,wynik,,False,True
38,independent risk factor,3,2014,2025,1922,1.443,1.901,metoda,,False,False
39,90 day,2,2016,2025,1693,1.407,1.758,metoda,,False,False
40,revision rate,2,2020,2025,1980,1.342,1.65,wynik,,False,False
41,trial registration,2,2011,2025,1829,1.339,1.844,metoda,,False,False
42,rct,1,2015,2025,2245,1.335,1.586,metoda,,False,False
43,scopus,1,2015,2025,1280,1.306,2.152,metoda,,False,False
44,bias,1,2015,2025,1743,1.271,1.499,metoda,,False,False
45,preferred reporting item,3,2015,2024,1274,1.239,1.46,metoda,,False,False
46,exclusion criterion,2,2016,2025,1803,1.233,1.449,metoda,,False,False
47,surgical site infection,3,2017,2025,2053,1.2,1.435,rozpoznanie,,True,True
48,minimal clinically important difference,4,2016,2024,1154,1.191,1.431,metoda,,False,False
49,subgroup analysis,2,2014,2025,1512,1.188,1.6,metoda,,False,False
50,reoperation rate,2,2020,2025,1644,1.187,1.421,wynik,,False,False
51,los,1,2019,2022,1775,1.179,1.332,metoda,,False,False
52,mcid,1,2016,2025,1107,1.155,1.399,metoda,,False,False
53,database,1,2021,2022,1968,1.126,1.295,,,False,False
54,iqr,1,2014,2025,1275,1.121,1.607,metoda,,False,False
55,koo,1,2012,2025,1647,1.11,1.342,skala,osteoarthritis outcome score,False,False
56,p value,2,2016,2023,1538,1.104,1.207,metoda,,False,False
57,logistic regression analysis,3,2020,2025,1530,1.094,1.428,metoda,,False,False
58,auc,1,2013,2025,1080,1.087,1.665,metoda,,False,False
59,hr,1,2014,2025,1523,1.06,1.442,metoda,,False,False
60,univariate analysis,2,2016,2025,1460,1.031,1.198,metoda,,False,False
61,tja,1,2015,2022,1354,0.973,1.045,technika,primary total joint arthroplasty,True,False
62,patient characteristic,2,2022,2024,1557,0.971,1.106,,,False,False
63,md,1,2010,2025,1395,0.971,1.184,metoda,,False,True
64,included study,2,2012,2025,1331,0.956,1.091,metoda,,False,False
65,pro,1,2017,2025,1100,0.94,1.134,skala,patient reported outcome,False,False
66,propensity score matching,3,2017,2025,874,0.917,1.535,metoda,,False,False
67,lower rate,2,2021,2024,1307,0.91,1.092,metoda,,False,False
68,inception,1,2013,2025,983,0.892,1.119,metoda,,False,False
69,prisma guideline,2,2016,2025,817,0.878,1.291,metoda,,False,False
70,hhs,1,2020,2025,1424,0.873,1.098,skala,modified harris hip score,False,False
71,this retrospective cohort study,4,2015,2025,893,0.863,1.614,metoda,,False,False
72,this meta analysis,3,2013,2025,1372,0.86,1.076,metoda,,False,False
73,reverse total shoulder arthroplasty,4,2013,2025,1151,0.86,1.134,technika,,True,True
74,asd,1,2014,2024,1199,0.841,1.005,rozpoznanie,adult spinal deformity,True,False
75,hazard ratio,2,2015,2025,1343,0.831,1.126,metoda,,False,False
76,rr,1,2014,2025,1478,0.825,1.277,metoda,,False,False
77,ase,1,2020,2022,1208,0.788,0.876,skala,subjective shoulder value,False,False
78,knee injury,2,2018,2024,1142,0.783,1.084,rozpoznanie,,True,False
79,kss,1,2013,2022,1328,0.775,0.839,skala,,False,False
80,independent predictor,2,2015,2025,1149,0.754,1.27,metoda,,False,False
81,paucity,1,2019,2022,1288,0.746,0.787,,,False,False
82,threshold,1,2018,2025,1016,0.741,1.026,metoda,,False,False
83,joa,1,2016,2024,1332,0.727,0.788,skala,,False,False
84,single center,2,2018,2025,921,0.669,0.746,metoda,,False,False
85,receiver operating characteristic curve,4,2018,2023,751,0.663,0.831,metoda,,False,False
86,multivariable analysis,2,2013,2025,771,0.66,0.868,metoda,,False,False
87,reverse shoulder arthroplasty,3,2011,2024,1090,0.659,0.846,technika,,True,True
88,lower risk,2,2019,2025,938,0.653,0.818,metoda,,False,False
89,random effect model,3,2016,2025,832,0.65,1.119,metoda,,False,False
90,opioid consumption,2,2013,2025,861,0.646,0.746,organizacja,,False,False
91,race,1,2022,2024,913,0.635,0.824,,,False,False
92,oks,1,2012,2025,878,0.634,0.674,skala,clinical outcome score,False,False
93,adult spinal deformity,3,2017,2025,828,0.634,0.796,rozpoznanie,,True,True
94,modified harris hip score,4,2016,2021,924,0.633,0.764,skala,,False,False
95,all p,2,2019,2025,789,0.619,0.89,,,False,False
96,baseline characteristic,2,2014,2025,737,0.606,1.119,metoda,,False,False
97,ssi,1,2018,2024,1040,0.605,0.672,rozpoznanie,surgical site infection,True,False
98,editorial commentary,2,2015,2024,867,0.602,0.976,metoda,,False,True
99,final analysis,2,2017,2025,761,0.598,0.725,metoda,,False,False
100,case presentation,2,2014,2025,903,0.596,0.739,metoda,,False,False
101,descriptive statistic,2,2018,2025,797,0.596,0.768,metoda,,False,False
102,primary anterior cruciate ligament reconstruction,5,2018,2025,906,0.593,0.796,technika,,True,False
103,google scholar,2,2012,2025,765,0.59,0.703,metoda,,False,False
104,charlson comorbidity index,3,2013,2025,704,0.59,0.703,czynnik,,False,False
105,literature search,2,2019,2024,964,0.589,0.643,metoda,,False,False
106,older age,2,2019,2025,938,0.589,0.732,metoda,,False,False
107,tranexamic acid,2,2015,2021,1173,0.583,0.804,lek,,True,True
108,systematic search,2,2011,2025,772,0.582,0.94,metoda,,False,False
109,opioid use,2,2017,2025,735,0.574,0.717,organizacja,,False,False
110,meta analysis guideline,3,2017,2024,547,0.574,0.737,metoda,,False,False
111,osteoarthritis outcome score,3,2016,2024,815,0.573,0.781,skala,,False,False
112,significant risk factor,3,2022,2025,927,0.572,0.775,,,False,False
113,ll,1,2013,2022,725,0.569,0.684,parametr,,False,False
114,all study,2,2015,2023,949,0.563,0.648,metoda,,False,False
115,nrs,1,2016,2024,718,0.561,0.708,skala,numeric rating scale,False,False
116,odi score,2,2018,2025,834,0.557,0.732,skala,odi,False,False
117,asa,1,2016,2022,920,0.553,0.625,czynnik,,False,False
118,therapeutic level iii,3,2016,2019,867,0.55,0.655,metoda,,False,False
119,pass,1,2019,2025,511,0.544,0.746,metoda,,False,False
120,direct anterior approach,3,2014,2023,716,0.531,0.568,technika,,True,True
121,current evidence,2,2012,2025,901,0.524,0.574,metoda,,False,False
122,multivariable logistic regression,3,2017,2025,549,0.524,0.804,metoda,,False,False
123,ndi,1,2016,2022,891,0.512,0.581,skala,clinical outcome score,False,False
124,primary aim,2,2017,2024,741,0.511,0.571,metoda,,False,False
125,prospectively collected data,3,2013,2017,917,0.508,0.595,metoda,,False,False
126,mhh,1,2014,2025,666,0.508,0.603,skala,modified harris hip score,False,False
127,pelvic tilt,2,2015,2022,811,0.506,0.567,parametr,,False,False
128,significantly higher rate,3,2022,2025,712,0.506,0.595,metoda,,False,False
129,cross sectional study,3,2018,2025,848,0.503,0.631,metoda,,False,True
130,ovcf,1,2011,2025,600,0.492,0.674,rozpoznanie,osteoporotic vertebral compression fracture,True,False
131,multivariate logistic regression analysis,4,2014,2025,660,0.487,0.603,metoda,,False,False
132,potential risk factor,3,2017,2025,761,0.486,0.595,metoda,,False,False
133,2 3,2,2023,2025,833,0.483,0.538,,,False,False
134,txa,1,2013,2019,840,0.477,0.641,lek,tranexamic acid,True,False
135,vas pain score,3,2014,2025,828,0.476,0.531,skala,vas,False,False
136,cinahl,1,2019,2023,859,0.474,0.6,metoda,,False,False
137,femoroacetabular impingement syndrome,3,2018,2022,453,0.471,0.508,rozpoznanie,,True,True
138,patient acceptable symptom state,4,2019,2025,382,0.471,0.682,metoda,,False,False
139,continuous variable,2,2016,2025,576,0.466,0.66,metoda,,False,False
140,implant survivorship,2,2016,2023,606,0.464,0.568,wynik,,False,False
141,medicare,1,2015,2019,796,0.461,0.559,organizacja,,False,False
142,female sex,2,2017,2025,639,0.461,0.531,metoda,,False,False
143,visual analog scale score,4,2017,2025,789,0.46,0.524,skala,vas,False,False
144,pelvic incidence,2,2014,2022,678,0.46,0.5,parametr,,False,False
145,interquartile range,2,2018,2023,658,0.46,0.544,metoda,,False,False
146,i2,1,2017,2025,458,0.46,0.631,metoda,,False,False
147,demographic characteristic,2,2019,2025,578,0.457,0.574,metoda,,False,False
148,two cohort,2,2021,2025,582,0.45,0.502,metoda,,False,False
149,primary objective,2,2021,2025,671,0.447,0.517,metoda,,False,False
150,china,1,2015,2025,591,0.445,0.595,metoda,,False,False
151,icc,1,2015,2025,772,0.438,0.631,metoda,,False,False
152,ldh,1,2015,2024,549,0.438,0.571,rozpoznanie,lumbar disc herniation,True,False
153,eq 5d,2,2011,2019,818,0.435,0.518,skala,,False,False
154,2 0,2,2016,2024,679,0.429,0.47,metoda,,False,False
155,pi,1,2014,2025,582,0.425,0.531,parametr,pelvic incidence,False,False
156,4 3,2,2022,2022,767,0.424,0.552,,,False,False
157,data extraction,2,2015,2025,626,0.424,0.56,metoda,,False,False
158,male sex,2,2018,2025,622,0.424,0.495,metoda,,False,False
159,90 day readmission,3,2017,2022,418,0.418,0.478,wynik,,False,False
160,1 0,2,2020,2025,666,0.416,0.524,,,False,False
161,secondary aim,2,2014,2021,532,0.416,0.452,metoda,,False,False
162,cs,1,2020,2025,639,0.411,0.459,metoda,,False,False
163,journal,1,2019,2023,542,0.411,0.496,metoda,,False,False
164,daa,1,2015,2024,482,0.411,0.477,technika,direct anterior approach,True,False
165,covariate,1,2022,2024,558,0.402,0.492,metoda,,False,False
166,intervention group,2,2022,2025,590,0.399,0.61,metoda,,False,False
167,cci,1,2015,2024,459,0.399,0.513,czynnik,charlson comorbidity index,False,False
168,cage subsidence,2,2021,2025,444,0.398,0.574,rozpoznanie,,True,False
169,12 month follow up,4,2016,2025,713,0.396,0.488,metoda,,False,False
170,medical complication,2,2023,2025,546,0.393,0.524,wynik,,False,False
171,lumbar degenerative disease,3,2018,2023,505,0.393,0.448,rozpoznanie,,True,True
172,forgotten joint score,3,2019,2025,373,0.393,0.552,skala,,False,False
173,mean follow up duration,4,2023,2025,654,0.39,0.509,,,False,False
174,radiological parameter,2,2020,2025,518,0.389,0.474,metoda,,False,False
175,english,1,2017,2024,626,0.386,0.463,metoda,,False,False
176,enhanced recovery,2,2017,2025,413,0.386,0.481,organizacja,,False,True
177,risk ratio,2,2014,2025,688,0.383,0.588,metoda,,False,False
178,hka,1,2019,2025,393,0.382,0.509,parametr,hip knee ankle angle,False,False
179,sva,1,2014,2020,589,0.38,0.492,parametr,sagittal vertical axis,False,False
180,mann whitney u test,4,2022,2025,546,0.38,0.481,metoda,,False,False
181,smd,1,2014,2025,492,0.376,0.603,metoda,,False,False
182,comprehensive search,2,2014,2025,437,0.376,0.717,metoda,,False,False
183,smoking status,2,2015,2024,530,0.374,0.405,metoda,,False,False
184,ase score,2,2016,2023,558,0.37,0.416,skala,subjective shoulder value,False,False
185,imn,1,2020,2025,508,0.368,0.445,,,False,False
186,proximal junctional kyphosis,3,2016,2025,491,0.368,0.43,rozpoznanie,,True,True
187,readmission rate,2,2013,2020,602,0.367,0.46,wynik,,False,False
188,rts,1,2018,2025,377,0.366,0.466,wynik,,False,False
189,retrospective observational study,3,2015,2025,432,0.364,0.43,metoda,,False,False
190,lateral lumbar interbody fusion,4,2013,2023,456,0.363,0.424,technika,,True,False
191,secondary analysis,2,2019,2025,442,0.363,0.509,metoda,,False,True
192,pod,1,2021,2025,504,0.36,0.567,metoda,,False,False
193,mpta,1,2018,2025,344,0.36,0.474,parametr,medial proximal tibial angle,False,False
194,taa,1,2015,2023,515,0.358,0.528,technika,total ankle arthroplasty,True,False
195,numeric rating scale,3,2014,2025,510,0.358,0.423,skala,,False,False
196,olif,1,2018,2022,344,0.358,0.427,technika,oblique lumbar interbody fusion,True,False
197,linear regression,2,2014,2025,536,0.357,0.416,metoda,,False,False
198,similar outcome,2,2020,2023,567,0.354,0.448,metoda,,False,False
199,prospero,1,2020,2025,313,0.353,0.474,metoda,,False,False
200,existing literature,2,2022,2025,456,0.351,0.509,metoda,,False,False
201,limited data,2,2023,2024,581,0.35,0.455,metoda,,False,False
202,sagittal vertical axis,3,2014,2020,547,0.35,0.448,parametr,,False,False
203,both cohort,2,2019,2025,490,0.35,0.402,metoda,,False,False
204,secondary objective,2,2018,2023,488,0.348,0.376,metoda,,False,False
205,cis,1,2013,2025,462,0.348,0.509,metoda,,False,False
206,perioperative outcome,2,2014,2025,496,0.347,0.502,wynik,,False,False
207,percutaneous kyphoplasty,2,2016,2024,477,0.347,0.39,technika,,True,True
208,pkp,1,2016,2024,431,0.347,0.39,technika,percutaneous kyphoplasty,True,False
209,categorical variable,2,2019,2025,419,0.345,0.595,metoda,,False,False
210,prognostic level iii,3,2016,2024,429,0.344,0.441,metoda,,False,False
211,ss,1,2020,2022,487,0.339,0.464,parametr,sacral slope,False,False
212,adjusted odd ratio,3,2017,2025,471,0.339,0.38,metoda,,False,False
213,hip knee ankle angle,4,2019,2024,384,0.339,0.441,parametr,,False,False
214,transfusion rate,2,2015,2019,763,0.338,0.566,wynik,,False,False
215,mep,1,2013,2025,587,0.338,0.38,technologia,motor evoked potential,True,False
216,minimum clinically important difference,4,2017,2023,397,0.337,0.456,metoda,,False,False
217,covid 19,2,2020,2020,365,0.337,0.838,rozpoznanie,,True,True
218,esr,1,2017,2021,536,0.335,0.379,parametr,erythrocyte sedimentation rate,False,False
219,higher odd,2,2018,2025,375,0.334,0.445,metoda,,False,False
220,retrospective case control study,4,2015,2024,518,0.332,0.39,metoda,,False,False
221,ors,1,2017,2025,448,0.332,0.452,metoda,,False,False
222,similar rate,2,2021,2024,407,0.332,0.412,metoda,,False,False
223,all cause revision,3,2019,2025,304,0.332,0.481,wynik,,False,False
224,sacral slope,2,2015,2025,490,0.331,0.373,parametr,,False,False
225,electronic medical record,3,2013,2024,441,0.331,0.398,technologia,,True,False
226,posterior tibial slope,3,2021,2025,434,0.331,0.445,parametr,,False,False
227,artificial intelligence,2,2021,2025,250,0.331,0.552,technologia,,True,True
228,lld,1,2023,2023,432,0.329,0.4,,,False,False
229,mechanical complication,2,2021,2025,399,0.329,0.474,wynik,,False,False
230,all participant,2,2015,2025,517,0.328,0.409,metoda,,False,False
231,shorter operative time,3,2022,2025,433,0.328,0.56,metoda,,False,False
232,quality assessment,2,2014,2025,426,0.328,0.402,metoda,,False,False
233,reduction quality,2,2021,2025,364,0.328,0.409,parametr,,False,False
234,confounder,1,2015,2025,394,0.326,0.416,metoda,,False,False
235,medial proximal tibial angle,4,2019,2024,334,0.324,0.398,parametr,,False,False
236,machine learning,2,2019,2023,270,0.324,0.384,technologia,,True,True
237,provider,1,2018,2020,609,0.321,0.448,metoda,,False,False
238,secondary outcome measure,3,2014,2020,659,0.319,0.435,metoda,,False,False
239,correlation analysis,2,2020,2025,454,0.319,0.495,metoda,,False,False
240,pts,1,2017,2025,347,0.318,0.502,parametr,posterior tibial slope,False,False
241,two reviewer,2,2017,2023,564,0.316,0.384,metoda,,False,False
242,trial registration number,3,2015,2025,389,0.316,0.43,metoda,,False,False
243,roc curve,2,2021,2023,384,0.316,0.376,metoda,,False,False
244,fjs,1,2019,2025,286,0.315,0.445,skala,forgotten joint score,False,False
245,lesson,1,2017,2018,674,0.313,0.617,metoda,,False,False
246,discharge disposition,2,2015,2024,454,0.313,0.369,organizacja,,False,False
247,mean body mass index,4,2017,2025,466,0.312,0.387,metoda,,False,False
248,anatomic total shoulder arthroplasty,4,2017,2023,400,0.312,0.36,technika,,True,True
249,rtka,1,2019,2025,301,0.312,0.359,niejasne,,False,False
250,robotic assisted total knee arthroplasty,5,2021,2025,244,0.312,0.653,technologia,,True,True
251,disparity,1,2022,2024,369,0.31,0.405,organizacja,,False,False
252,mcs,1,2015,2025,474,0.309,0.366,skala,mental component score,False,False
253,sa,1,2016,2024,404,0.308,0.354,metoda,,False,False
254,newcastle ottawa scale,3,2019,2025,321,0.308,0.481,metoda,,False,False
255,covid 19 pandemic,3,2020,2020,289,0.308,0.485,organizacja,,False,True
256,ai,1,2019,2025,324,0.306,0.517,technologia,artificial intelligence,True,False
257,study protocol,2,2015,2025,445,0.302,0.38,metoda,,False,True
258,network meta analysis,3,2017,2024,332,0.302,0.412,metoda,,False,True
259,pjis,1,2018,2024,338,0.3,0.369,rozpoznanie,periprosthetic joint infection,True,False
260,fnf,1,2018,2024,331,0.3,0.376,rozpoznanie,femoral neck fracture,True,False
261,mid term follow up,4,2013,2021,494,0.299,0.359,metoda,,False,False
262,pjk,1,2016,2025,357,0.297,0.352,rozpoznanie,proximal junctional kyphosis,True,False
263,fais,1,2019,2023,258,0.296,0.328,rozpoznanie,femoroacetabular impingement syndrome,True,False
264,substantial clinical benefit,3,2019,2025,276,0.295,0.409,metoda,,False,False
265,5 0,2,2023,2025,457,0.293,0.387,metoda,,False,False
266,international classification,2,2011,2017,597,0.292,0.39,metoda,,False,False
267,keyword,1,2015,2024,409,0.29,0.318,metoda,,False,False
268,healthcare system,2,2019,2024,377,0.289,0.361,organizacja,,False,False
269,multivariate regression analysis,3,2014,2019,435,0.287,0.341,metoda,,False,False
270,demographic information,2,2018,2023,383,0.287,0.36,metoda,,False,False
271,matched cohort,2,2016,2023,415,0.284,0.352,metoda,,False,False
272,standardized mean difference,3,2014,2025,373,0.283,0.395,metoda,,False,False
273,lateral center edge angle,4,2015,2023,363,0.283,0.376,parametr,,False,False
274,methodological index,2,2017,2025,303,0.283,0.359,metoda,,False,False
275,observation group,2,2019,2025,275,0.283,0.337,metoda,,False,False
276,frailty,1,2021,2025,257,0.281,0.395,rozpoznanie,,True,True
277,independent sample t test,4,2021,2025,350,0.28,0.352,metoda,,False,False
278,cnki,1,2015,2024,358,0.279,0.369,metoda,,False,False
279,increased odd,2,2016,2022,348,0.279,0.316,metoda,,False,False
280,1 1 ratio,3,2019,2025,309,0.279,0.452,metoda,,False,False
281,retear,1,2018,2024,425,0.277,0.361,rozpoznanie,,True,False
282,medial unicompartmental knee arthroplasty,4,2014,2025,410,0.277,0.344,technika,,True,False
283,subjective shoulder value,3,2018,2021,400,0.277,0.319,skala,,False,False
284,ethnicity,1,2022,2024,337,0.277,0.333,organizacja,,False,False
285,aseptic revision,2,2017,2023,328,0.277,0.344,wynik,,False,False
286,narrative review,2,2019,2025,292,0.277,0.337,metoda,,False,True
287,mental health,2,2023,2025,398,0.276,0.38,rozpoznanie,,True,False
288,included patient,2,2017,2024,310,0.276,0.311,metoda,,False,False
289,receiver operating characteristic roc curve,5,2018,2025,287,0.276,0.337,metoda,,False,False
290,3d printing,2,2017,2025,336,0.273,0.344,technologia,,True,False
291,pao,1,2012,2024,398,0.271,0.361,technika,periacetabular osteotomy,True,False
292,quick disability,2,2015,2025,363,0.271,0.352,skala,quickdash,False,False
293,mme,1,2019,2025,248,0.271,0.323,wynik,morphine milligram equivalent,False,False
294,registry,1,2019,2024,485,0.27,0.296,,,False,False
295,numerical rating scale,3,2017,2025,355,0.27,0.352,skala,numeric rating scale,False,False
296,surgical duration,2,2017,2025,298,0.27,0.538,wynik,,False,False
297,cochrane database,2,2017,2021,466,0.268,0.305,metoda,,False,False
298,eligibility criterion,2,2015,2022,435,0.268,0.346,metoda,,False,False
299,national database,2,2017,2023,343,0.268,0.384,metoda,,False,False
300,cutoff value,2,2016,2024,325,0.268,0.304,metoda,,False,False
301,mean bmi,2,2018,2025,325,0.267,0.38,metoda,,False,False
302,geriatric patient,2,2022,2024,383,0.265,0.318,czynnik,,False,False
303,30 day readmission,3,2015,2023,420,0.264,0.32,wynik,,False,False
304,cms,1,2015,2025,372,0.264,0.33,metoda,,False,False
305,fai,1,2012,2021,572,0.258,0.398,rozpoznanie,femoroacetabular impingement syndrome,True,False
306,cbct,1,2012,2023,360,0.258,0.296,technologia,cone beam computed tomography,True,False
307,predictive model,2,2018,2024,304,0.258,0.39,metoda,,False,False
308,csa,1,2019,2025,359,0.257,0.373,parametr,critical shoulder angle,False,False
309,two independent reviewer,3,2021,2025,357,0.257,0.287,metoda,,False,False
310,primary hip arthroscopy,3,2019,2021,256,0.257,0.292,technika,,True,False
311,psi,1,2013,2025,437,0.255,0.352,technologia,patient specific instrumentation,True,False
312,drf,1,2017,2023,341,0.255,0.336,rozpoznanie,distal radius fracture,True,False
313,significantly lower rate,3,2023,2025,310,0.255,0.373,metoda,,False,False
314,phf,1,2019,2025,273,0.255,0.337,rozpoznanie,proximal humerus fracture,True,False
315,koa,1,2020,2024,236,0.255,0.369,rozpoznanie,knee osteoarthritis,True,False
316,onfh,1,2018,2025,386,0.254,0.337,rozpoznanie,osteonecrosis of the femoral head,True,False
317,ais patient,2,2016,2025,348,0.254,0.38,rozpoznanie,,True,False
318,patient quality,2,2018,2025,380,0.252,0.352,metoda,,False,False
319,n s,2,2010,2018,605,0.251,0.404,metoda,,False,False
320,shorter operation time,3,2019,2022,386,0.251,0.287,metoda,,False,False
321,tobacco use,2,2018,2024,343,0.251,0.34,czynnik,,False,False
322,nine study,2,2017,2025,337,0.251,0.301,metoda,,False,False
323,systematic literature search,3,2018,2025,328,0.251,0.33,metoda,,False,False
324,2 cohort,2,2015,2023,352,0.25,0.328,metoda,,False,False
325,ka,1,2016,2025,296,0.25,0.337,technika,kinematic alignment,True,False
326,scoping review,2,2021,2025,210,0.25,0.344,metoda,,False,True
327,dm,1,2016,2025,318,0.248,0.287,rozpoznanie,diabetes mellitus,True,False
328,eligible study,2,2021,2025,342,0.247,0.474,metoda,,False,False
329,asd surgery,2,2017,2025,271,0.247,0.373,technika,adult spinal deformity surgery,True,False
330,surgical factor,2,2012,2025,368,0.245,0.287,metoda,,False,False
331,cumulative incidence,2,2017,2025,341,0.245,0.301,metoda,,False,False
332,intraoperative bleeding,2,2023,2023,306,0.245,0.384,wynik,,False,False
333,current procedural terminology code,4,2017,2024,360,0.244,0.34,metoda,,False,False
334,sane,1,2019,2025,296,0.244,0.258,skala,single assessment numeric evaluation,False,False
335,ssis,1,2015,2025,452,0.242,0.337,rozpoznanie,surgical site infection,True,False
336,dissemination,1,2016,2025,368,0.242,0.373,metoda,,False,False
337,multivariable logistic regression analysis,4,2016,2024,321,0.242,0.318,metoda,,False,False
338,cone beam computed tomography,4,2012,2025,411,0.241,0.323,technologia,,True,False
339,each cohort,2,2018,2025,283,0.241,0.294,metoda,,False,False
340,shared decision making,3,2019,2022,279,0.241,0.28,organizacja,,False,False
341,atsa,1,2020,2025,210,0.239,0.387,technika,anatomic total shoulder arthroplasty,True,False
342,adult spinal deformity surgery,4,2016,2025,288,0.238,0.309,technika,,True,True
343,aor,1,2019,2025,255,0.238,0.294,metoda,,False,False
344,significantly higher risk,3,2022,2025,351,0.236,0.344,,,False,False
345,larger sample size,3,2022,2025,311,0.236,0.395,metoda,,False,False
346,fea,1,2021,2025,280,0.236,0.352,technologia,finite element analysis,True,False
347,surgical detail,2,2021,2025,278,0.236,0.459,metoda,,False,False
348,2 test,2,2014,2022,324,0.235,0.287,metoda,,False,False
349,higher bmi,2,2015,2025,299,0.235,0.409,metoda,,False,False
350,spinopelvic parameter,2,2018,2025,263,0.235,0.28,parametr,,False,False
351,9 3,2,2018,2023,441,0.234,0.28,metoda,,False,False
352,ssv,1,2017,2025,288,0.234,0.265,skala,subjective shoulder value,False,False
353,calibration,1,2021,2023,247,0.234,0.28,metoda,,False,False
354,six study,2,2013,2025,358,0.232,0.258,metoda,,False,False
355,ethic,1,2017,2025,312,0.231,0.359,metoda,,False,False
356,acute kidney injury,3,2017,2025,257,0.231,0.43,rozpoznanie,,True,False
357,incidence and risk factor,4,2014,2022,390,0.229,0.28,metoda,,False,False
358,ohs,1,2012,2022,388,0.229,0.294,skala,oxford shoulder score,False,False
359,five study,2,2014,2024,369,0.229,0.275,metoda,,False,False
360,rtha,1,2020,2025,216,0.229,0.309,niejasne,,False,False
361,valuable insight,2,2023,2025,187,0.229,0.538,metoda,,False,False
362,relevant study,2,2015,2024,369,0.228,0.275,metoda,,False,False
363,knee joint function,3,2020,2024,258,0.228,0.282,skala,,False,False
364,four study,2,2017,2024,367,0.226,0.253,metoda,,False,False
365,robotic assistance,2,2021,2025,203,0.226,0.316,technologia,,True,False
366,mid term outcome,3,2016,2025,321,0.225,0.287,wynik,,False,True
367,cochrane risk,2,2020,2025,228,0.223,0.352,metoda,,False,False
368,secondary endpoint,2,2014,2025,403,0.222,0.373,metoda,,False,False
369,seven study,2,2015,2025,340,0.222,0.23,metoda,,False,False
370,medicaid service,2,2016,2025,336,0.222,0.359,organizacja,,False,False
371,three study,2,2015,2022,321,0.222,0.265,metoda,,False,False
372,reimbursement,1,2016,2025,400,0.221,0.258,organizacja,,False,False
373,eight study,2,2017,2025,317,0.221,0.287,metoda,,False,False
374,independent factor,2,2016,2024,304,0.221,0.239,metoda,,False,False
375,18 2,2,2022,2024,349,0.219,0.26,,,False,False
376,cut off value,3,2017,2023,286,0.219,0.28,metoda,,False,False
377,tegner activity scale,3,2012,2024,368,0.218,0.275,skala,,False,False
378,primary total joint arthroplasty,4,2017,2022,309,0.218,0.258,technika,,True,False
379,higher body mass index,4,2020,2025,275,0.218,0.33,metoda,,False,False
380,certainty,1,2021,2025,218,0.218,0.287,metoda,,False,False
381,surgical orthopedic,2,2019,2025,216,0.218,0.265,metoda,,False,False
382,all prom,2,2021,2024,187,0.218,0.282,skala,,False,False
383,coronal alignment,2,2020,2025,341,0.216,0.287,parametr,,False,False
384,ao ota,2,2021,2025,296,0.216,0.287,metoda,,False,False
385,comparable outcome,2,2020,2025,276,0.216,0.352,metoda,,False,False
386,maximum stress,2,2020,2022,265,0.216,0.25,parametr,,False,False
387,rcr,1,2018,2022,262,0.216,0.243,technika,arcr,True,False
388,nomogram,1,2020,2025,190,0.216,0.352,metoda,,False,False
389,cox proportional hazard model,4,2020,2025,334,0.215,0.287,,,False,False
390,demographic variable,2,2018,2025,294,0.215,0.309,metoda,,False,False
391,mechanical alignment,2,2018,2025,298,0.213,0.301,technika,,True,False
392,operative duration,2,2020,2025,266,0.213,0.352,wynik,,False,False
393,uiv,1,2017,2025,262,0.213,0.258,parametr,upper instrumented vertebra,False,False
394,fracture healing time,3,2016,2025,320,0.212,0.287,,,False,False
395,inferior outcome,2,2014,2024,318,0.212,0.246,metoda,,False,False
396,univariate and multivariate analysis,4,2019,2025,309,0.212,0.273,,,False,False
397,ar,1,2019,2023,259,0.212,0.272,niejasne,,False,False
398,scb,1,2020,2025,199,0.212,0.352,metoda,,False,False
399,decision curve analysis,3,2021,2025,164,0.212,0.301,metoda,,False,False
400,patient specific instrumentation,3,2013,2025,344,0.209,0.301,technologia,,True,False
401,dexamethasone,1,2020,2025,305,0.209,0.258,lek,,True,False
402,0 0,2,2016,2024,285,0.209,0.26,metoda,,False,False
403,multivariable regression analysis,3,2018,2024,248,0.209,0.304,metoda,,False,False
404,baseline demographic,2,2019,2022,228,0.209,0.28,metoda,,False,False
405,non randomized study,3,2020,2025,222,0.209,0.251,metoda,,False,False
406,large cohort,2,2017,2019,357,0.207,0.273,metoda,,False,False
407,title,1,2016,2022,307,0.207,0.235,metoda,,False,False
408,hoo,1,2014,2025,304,0.207,0.23,skala,nonarthritic hip score,False,False
409,implant retention,2,2018,2025,254,0.207,0.309,technika,,True,False
410,surgical data,2,2018,2022,253,0.206,0.265,metoda,,False,False
411,independent t test,3,2016,2025,293,0.205,0.301,metoda,,False,False
412,adductor canal block,3,2016,2021,288,0.205,0.239,technika,,True,True
413,purpose hypothesis,2,2019,2019,269,0.205,0.28,metoda,,False,False
414,quickdash,1,2014,2021,313,0.203,0.232,skala,,False,False
415,25 0,2,2020,2025,298,0.203,0.323,metoda,,False,False
416,postoperative clinical outcome,3,2017,2025,268,0.203,0.251,metoda,,False,False
417,study quality,2,2019,2025,263,0.203,0.301,metoda,,False,False
418,oblique lumbar interbody fusion,4,2019,2024,199,0.203,0.239,technika,,True,True
419,latarjet procedure,2,2018,2024,326,0.202,0.304,technika,,True,False
420,all outcome,2,2017,2023,290,0.202,0.24,metoda,,False,False
421,owhto,1,2017,2019,282,0.202,0.259,technika,open wedge high tibial osteotomy,True,False
422,single assessment numeric evaluation,4,2018,2024,251,0.202,0.253,skala,,False,False
423,promis,1,2019,2025,216,0.202,0.244,skala,,False,False
424,percutaneous endoscopic lumbar discectomy,4,2016,2018,323,0.2,0.264,technika,,True,True
425,bias tool,2,2019,2025,226,0.2,0.244,metoda,,False,False
426,elixhauser comorbidity index,3,2022,2024,171,0.2,0.325,czynnik,,False,False
427,pearldiver database,2,2022,2022,197,0.199,0.25,metoda,,False,False
428,ovid,1,2011,2022,347,0.197,0.221,metoda,,False,False
429,this prospective cohort study,4,2017,2025,342,0.197,0.258,,,False,False
430,postoperative complication rate,3,2014,2025,291,0.197,0.273,wynik,,False,False
431,eligible patient,2,2021,2025,262,0.197,0.251,metoda,,False,False
432,liv,1,2020,2025,261,0.197,0.251,parametr,upper instrumented vertebra,False,False
433,ovid medline,2,2018,2024,257,0.197,0.246,metoda,,False,False
434,femoroacetabular impingement fai,3,2012,2016,451,0.196,0.281,rozpoznanie,femoroacetabular impingement syndrome,True,False
435,longer length,2,2017,2024,299,0.196,0.231,metoda,,False,False
436,modified macnab criterion,3,2017,2025,260,0.196,0.287,skala,,False,False
437,arcr,1,2020,2024,208,0.196,0.267,technika,,True,False
438,prediction model,2,2019,2024,204,0.196,0.253,metoda,,False,False
439,lower odd,2,2019,2025,206,0.194,0.301,metoda,,False,False
440,90 day complication,3,2020,2024,196,0.193,0.26,wynik,,False,False
441,fns,1,2021,2024,142,0.193,0.267,technologia,femoral neck system,True,False
442,hospital readmission,2,2014,2022,348,0.191,0.302,wynik,,False,False
443,calibration curve,2,2022,2025,141,0.191,0.323,metoda,,False,False
444,30 day mortality,3,2012,2021,336,0.19,0.259,wynik,,False,False
445,transfemoral amputation,2,2013,2025,295,0.19,0.215,technika,,True,False
446,modifiable risk factor,3,2018,2025,267,0.19,0.244,metoda,,False,False
447,primary tja,2,2018,2024,238,0.19,0.224,technika,primary total joint arthroplasty,True,False
448,surgery duration,2,2018,2025,228,0.19,0.402,metoda,,False,False
449,single center retrospective study,4,2020,2025,204,0.19,0.237,metoda,,False,False
450,retear rate,2,2017,2023,288,0.189,0.272,wynik,,False,False
451,research question,2,2018,2018,276,0.189,0.287,metoda,,False,False
452,radiological and clinical outcome,4,2018,2024,272,0.189,0.253,metoda,,False,False
453,upper instrumented vertebra,3,2020,2025,255,0.189,0.237,parametr,,False,False
454,metric,1,2018,2024,237,0.189,0.26,metoda,,False,False
455,hounsfield unit,2,2022,2025,220,0.189,0.265,parametr,,False,False
456,3 month follow up,4,2016,2025,371,0.187,0.28,metoda,,False,False
457,visual analog scale pain score,5,2017,2025,322,0.187,0.244,skala,vas,False,False
458,peld,1,2016,2018,301,0.187,0.235,technika,percutaneous endoscopic lumbar discectomy,True,False
459,cda,1,2016,2023,263,0.187,0.256,technika,cervical disc arthroplasty,True,False
460,retrospective cohort analysis,3,2021,2025,216,0.187,0.287,metoda,,False,False
461,fjs 12,2,2020,2025,185,0.187,0.273,skala,forgotten joint score,False,False
462,therefore this study,3,2023,2025,163,0.187,0.337,metoda,,False,False
463,machine learning model,3,2022,2024,142,0.187,0.289,technologia,,True,False
464,wmd,1,2015,2019,336,0.186,0.225,metoda,,False,False
465,tk,1,2017,2022,264,0.186,0.213,parametr,miara_kregoslupa,False,False
466,lateral extra articular tenodesis,4,2020,2025,178,0.186,0.273,technika,,True,False
467,bone joint j,3,2016,2017,634,0.184,1.213,metoda,,False,False
468,mean sd,2,2011,2020,405,0.184,0.265,metoda,,False,False
469,multimodal analgesia,2,2021,2025,271,0.184,0.258,lek,,True,False
470,t nnis grade,3,2017,2021,247,0.184,0.212,skala,,False,False
471,volar locking plate,3,2016,2024,363,0.183,0.217,technologia,,True,False
472,mua,1,2022,2022,239,0.183,0.265,technika,manipulation under anesthesia,True,False
473,t1 slope,2,2018,2025,231,0.183,0.244,parametr,,False,False
474,revision risk,2,2019,2025,231,0.183,0.28,wynik,,False,False
475,postoperative hospital stay,3,2023,2023,216,0.183,0.24,wynik,,False,False
476,roc analysis,2,2022,2025,200,0.183,0.373,metoda,,False,False
477,hu,1,2022,2025,197,0.183,0.373,parametr,hounsfield unit,False,False
478,10 0,2,2022,2025,285,0.181,0.222,metoda,,False,False
479,prwe,1,2018,2023,246,0.181,0.224,skala,patient rated wrist evaluation,False,False
480,cl,1,2020,2024,224,0.181,0.224,metoda,,False,False
481,pi ll,2,2022,2024,207,0.181,0.231,parametr,,False,False
482,adverse reaction,2,2011,2025,379,0.18,0.244,metoda,,False,False
483,10 1,2,2018,2025,298,0.18,0.258,metoda,,False,False
484,mean sd age,3,2018,2025,286,0.18,0.309,metoda,,False,False
485,distal femur fracture,3,2014,2025,264,0.18,0.244,rozpoznanie,,True,False
486,minimum 10 year follow up,5,2022,2024,220,0.18,0.239,metoda,,False,False
487,same day discharge,3,2020,2025,177,0.178,0.201,organizacja,,False,False
488,chinese clinical trial registry,4,2021,2025,153,0.178,0.273,metoda,,False,False
489,femoral neck system,3,2022,2024,124,0.178,0.275,technologia,,True,True
490,these risk factor,3,2016,2024,279,0.177,0.195,metoda,,False,False
491,pooled analysis,2,2018,2021,251,0.177,0.246,metoda,,False,False
492,embase database,2,2020,2022,209,0.177,0.213,metoda,,False,False
493,chronic periprosthetic joint infection,4,2020,2022,185,0.177,0.199,rozpoznanie,,True,False
494,potential confounder,2,2018,2025,275,0.176,0.28,metoda,,False,False
495,clinicaltrial gov,2,2018,2019,269,0.176,0.232,metoda,,False,False
496,lp,1,2021,2025,229,0.176,0.215,metoda,,False,False
497,eos,1,2016,2020,275,0.174,0.24,niejasne,,False,False
498,patient reported outcome score,4,2016,2018,273,0.174,0.213,skala,,False,False
499,malnutrition,1,2018,2025,237,0.174,0.23,rozpoznanie,,True,False
500,emergency department visit,3,2022,2025,181,0.174,0.301,wynik,,False,False
501,clinical question,2,2011,2023,357,0.173,0.264,metoda,,False,False
502,pubmed medline,2,2016,2024,263,0.173,0.231,metoda,,False,False
503,greater proportion,2,2020,2022,229,0.173,0.213,metoda,,False,False
504,discrimination,1,2022,2022,198,0.173,0.258,,,False,False
505,virtual reality,2,2020,2025,187,0.173,0.28,technologia,,True,False
506,asd patient,2,2021,2025,181,0.173,0.237,metoda,adult spinal deformity,False,False
507,8 0,2,2017,2025,317,0.171,0.222,metoda,,False,False
508,tea,1,2013,2025,312,0.171,0.215,technika,total elbow arthroplasty,True,False
509,graft type,2,2018,2025,305,0.171,0.273,technika,,True,False
510,hv,1,2023,2025,226,0.171,0.258,,,False,False
511,bone cement leakage,3,2019,2025,208,0.171,0.208,rozpoznanie,,True,False
512,kinesiophobia,1,2022,2025,194,0.171,0.287,rozpoznanie,,True,False
513,early onset scoliosis,3,2011,2020,357,0.17,0.284,rozpoznanie,,True,True
514,pfna,1,2011,2025,308,0.17,0.23,technologia,proximal femoral nail antirotation,True,False
515,bivariate analysis,2,2016,2020,268,0.17,0.202,metoda,,False,False
516,aa,1,2019,2023,249,0.17,0.24,metoda,,False,False
517,opioid prescription,2,2018,2020,216,0.17,0.227,organizacja,,False,False
518,surgical characteristic,2,2022,2025,197,0.17,0.222,metoda,,False,False
519,this cross sectional study,4,2021,2025,222,0.168,0.208,metoda,,False,False
520,operation duration,2,2020,2021,221,0.168,0.206,metoda,,False,False
521,other outcome,2,2019,2024,255,0.167,0.188,metoda,,False,False
522,receiver operating characteristic curve analysis,5,2019,2023,221,0.167,0.232,metoda,,False,False
523,multivariable logistic regression model,4,2020,2024,202,0.167,0.253,metoda,,False,False
524,binary logistic regression,3,2022,2025,186,0.167,0.316,,,False,False
525,open wedge high tibial osteotomy,5,2016,2019,307,0.165,0.218,technika,,True,True
526,open reduction internal fixation group,5,2019,2021,245,0.165,0.186,technika,,True,False
527,rs,1,2021,2024,225,0.165,0.202,metoda,,False,False
528,elevated risk,2,2023,2025,219,0.165,0.316,metoda,,False,False
529,mowhto,1,2019,2024,171,0.165,0.224,technika,open wedge high tibial osteotomy,True,False
530,ihot 12,2,2021,2025,153,0.165,0.187,skala,hip outcome score activity,False,False
531,future work,2,2019,2023,233,0.164,0.232,metoda,,False,False
532,mean standard deviation,3,2017,2017,292,0.162,0.235,metoda,,False,False
533,13 9,2,2014,2022,265,0.162,0.213,metoda,,False,False
534,search term,2,2014,2021,265,0.162,0.186,metoda,,False,False
535,chronic kidney disease,3,2019,2025,212,0.162,0.237,rozpoznanie,,True,False
536,all model,2,2020,2024,200,0.162,0.217,metoda,,False,False
537,protective factor,2,2023,2025,181,0.162,0.265,metoda,,False,False
538,eras,1,2021,2025,172,0.162,0.201,organizacja,enhanced recovery,False,False
539,control cohort,2,2018,2022,237,0.161,0.221,metoda,,False,False
540,surgical variable,2,2022,2022,215,0.161,0.228,metoda,,False,False
541,limb symmetry index,3,2020,2024,191,0.161,0.217,skala,,False,False
542,augmented reality,2,2022,2023,148,0.161,0.24,technologia,,True,False
543,model performance,2,2022,2025,134,0.161,0.265,metoda,,False,False
544,9 0,2,2016,2024,272,0.16,0.239,metoda,,False,False
545,institutional database,2,2018,2025,242,0.16,0.222,metoda,,False,False
546,ppf,1,2021,2025,173,0.16,0.23,rozpoznanie,periprosthetic fracture,True,False
547,dair,1,2022,2025,163,0.16,0.23,technika,implant retention,True,False
548,single academic institution,3,2022,2025,161,0.16,0.237,metoda,,False,False
549,acb,1,2019,2022,234,0.158,0.191,technika,adductor canal block,True,False
550,question purpose,2,2019,2021,233,0.158,0.232,metoda,,False,False
551,nah,1,2020,2021,229,0.158,0.219,metoda,,False,False
552,each model,2,2020,2024,199,0.158,0.202,metoda,,False,False
553,morphine milligram equivalent,3,2020,2023,147,0.158,0.2,wynik,,False,False
554,psm,1,2023,2025,133,0.158,0.366,metoda,,False,False
555,koo jr,2,2022,2025,127,0.158,0.273,skala,osteoarthritis outcome score,False,False
556,preoperative factor,2,2019,2023,255,0.157,0.2,metoda,,False,False
557,treatment success,2,2023,2025,237,0.157,0.201,,,False,False
558,fao,1,2018,2025,233,0.157,0.201,metoda,,False,False
559,infection risk,2,2017,2025,226,0.157,0.273,wynik,,False,False
560,cephalomedullary nail,2,2021,2025,213,0.157,0.179,technologia,,True,False
561,associated factor,2,2022,2025,196,0.157,0.258,metoda,,False,False
562,lcea,1,2021,2024,173,0.157,0.188,parametr,lateral center edge angle,False,False
563,patient specific factor,3,2022,2025,171,0.157,0.309,metoda,,False,False
564,fracture related infection,3,2022,2025,121,0.157,0.258,rozpoznanie,,True,False
565,higher revision rate,3,2018,2023,267,0.155,0.2,metoda,,False,False
566,short stem,2,2015,2021,252,0.155,0.199,technologia,,True,False
567,large national database,3,2022,2023,146,0.155,0.32,metoda,,False,False
568,let,1,2021,2025,139,0.155,0.208,technika,lateral extra articular tenodesis,True,False
569,tt,1,2019,2023,238,0.154,0.184,metoda,,False,False
570,perioperative data,2,2021,2024,213,0.154,0.181,,,False,False
571,review manager,2,2021,2023,178,0.154,0.192,metoda,,False,False
572,ldfa,1,2022,2025,133,0.154,0.258,parametr,,False,False
573,23 3,2,2021,2024,229,0.152,0.181,metoda,,False,False
574,ten study,2,2020,2023,195,0.152,0.208,metoda,,False,False
575,sarcopenia,1,2022,2024,134,0.152,0.21,rozpoznanie,,True,False
576,50 0,2,2017,2025,234,0.151,0.194,metoda,,False,False
577,10 study,2,2021,2021,189,0.151,0.179,metoda,,False,False
578,patient acceptable symptomatic state,4,2019,2021,165,0.151,0.239,metoda,,False,False
579,scapular notching,2,2013,2024,285,0.149,0.181,rozpoznanie,,True,False
580,oxford shoulder score,3,2015,2022,241,0.149,0.177,skala,,False,False
581,1 year mortality,3,2021,2025,234,0.149,0.244,wynik,,False,False
582,3d printing technology,3,2017,2019,212,0.149,0.205,technologia,,True,False
583,sl,1,2019,2022,201,0.149,0.162,metoda,,False,False
584,less intraoperative blood loss,4,2022,2023,192,0.149,0.192,metoda,,False,False
585,dataset,1,2022,2025,186,0.149,0.265,metoda,,False,False
586,imaging data,2,2022,2024,169,0.149,0.224,metoda,,False,False
587,cervical disc arthroplasty,3,2016,2023,310,0.148,0.216,technika,,True,False
588,registry data,2,2018,2023,231,0.148,0.176,metoda,,False,False
589,injury characteristic,2,2021,2025,184,0.148,0.172,metoda,,False,False
590,eq vas,2,2021,2023,170,0.148,0.184,skala,vas,False,False
591,significant postoperative improvement,3,2022,2025,168,0.148,0.323,,,False,False
592,coronal plane alignment,3,2023,2025,138,0.148,0.301,parametr,,False,False
593,23 1,2,2022,2023,260,0.147,0.184,,,False,False
594,fragility fracture,2,2021,2022,235,0.147,0.162,,,False,False
595,median follow up time,4,2017,2023,234,0.147,0.176,metoda,,False,False
596,patient cohort,2,2020,2021,204,0.147,0.212,metoda,,False,False
597,white patient,2,2022,2023,178,0.147,0.2,organizacja,,False,False
598,external validation,2,2021,2025,143,0.147,0.172,metoda,,False,False
599,21 4,2,2018,2025,272,0.145,0.201,,,False,False
600,inclusion and exclusion criterion,4,2019,2025,233,0.145,0.187,metoda,,False,False
601,descriptive analysis,2,2022,2025,214,0.145,0.194,metoda,,False,False
602,each outcome,2,2019,2025,202,0.145,0.179,metoda,,False,False
603,mdo,1,2021,2025,190,0.145,0.158,niejasne,,False,False
604,arthroplasty surgeon,2,2022,2025,178,0.145,0.201,organizacja,,False,False
605,this narrative review,3,2022,2025,151,0.145,0.215,metoda,,False,False
606,targeted muscle reinnervation,3,2021,2023,150,0.145,0.2,technika,,True,False
607,quickdash score,2,2019,2023,216,0.144,0.16,skala,quickdash,False,False
608,2 study,2,2021,2022,213,0.144,0.177,,,False,False
609,procedure type,2,2019,2022,208,0.144,0.169,metoda,,False,False
610,greater odd,2,2020,2023,163,0.144,0.2,metoda,,False,False
611,final cohort,2,2022,2025,163,0.144,0.208,metoda,,False,False
612,fi,1,2022,2025,144,0.144,0.222,metoda,,False,False
613,20 5,2,2020,2025,238,0.142,0.194,metoda,,False,False
614,pain interference,2,2022,2025,170,0.142,0.179,skala,,False,False
615,binary logistic regression analysis,4,2021,2024,166,0.142,0.181,metoda,,False,False
616,pjf,1,2022,2023,140,0.142,0.192,rozpoznanie,proximal junctional failure,True,False
617,chronic obstructive pulmonary disease,4,2018,2019,258,0.141,0.191,rozpoznanie,,True,False
618,12 4,2,2019,2019,256,0.141,0.198,metoda,,False,False
619,hidden blood loss,3,2015,2020,255,0.141,0.208,wynik,,False,False
620,visual analogue scale score,4,2012,2014,247,0.141,0.157,skala,vas,False,False
621,29 4,2,2022,2025,235,0.141,0.187,metoda,,False,False
622,stata,1,2017,2018,211,0.141,0.206,metoda,,False,False
623,increased likelihood,2,2021,2022,211,0.141,0.177,,,False,False
624,postoperative vas score,3,2022,2025,199,0.141,0.179,skala,vas,False,False
625,anterior cruciate ligament reconstruction group,5,2018,2025,196,0.141,0.179,,,False,False
626,11 study,2,2021,2025,185,0.141,0.215,metoda,,False,False
627,90 day readmission rate,4,2019,2024,155,0.141,0.173,wynik,,False,False
628,joint line convergence angle,4,2021,2025,136,0.141,0.187,parametr,,False,False
629,primary unilateral total knee arthroplasty,5,2015,2016,270,0.139,0.182,technika,,True,False
630,national joint registry,3,2017,2012,258,0.139,0.183,metoda,,False,False
631,significantly increased risk,3,2016,2025,258,0.139,0.201,,,False,False
632,peer reviewed journal,3,2018,2025,228,0.139,0.222,metoda,,False,False
633,hrs,1,2022,2025,211,0.139,0.222,metoda,,False,False
634,paired sample t test,4,2018,2024,204,0.139,0.181,metoda,,False,False
635,continuous data,2,2021,2025,178,0.139,0.179,metoda,,False,False
636,kinematic alignment,2,2022,2025,164,0.139,0.194,technika,,True,False
637,china national knowledge infrastructure,4,2020,2024,163,0.139,0.195,metoda,,False,False
638,retrospective single center study,4,2022,2024,159,0.139,0.217,metoda,,False,False
639,nonhome discharge,2,2022,2024,138,0.139,0.181,,,False,False
640,jlca,1,2021,2025,130,0.139,0.194,parametr,joint line convergence angle,False,False
641,random forest,2,2023,2025,112,0.139,0.244,technologia,,True,False
642,midterm outcome,2,2015,2022,254,0.138,0.191,wynik,,False,False
643,biomarker,1,2020,2021,225,0.138,0.206,technologia,,True,False
644,surgery type,2,2020,2024,201,0.138,0.166,metoda,,False,False
645,4 study,2,2019,2023,175,0.138,0.152,metoda,,False,False
646,complication profile,2,2023,2025,145,0.138,0.251,,,False,False
647,longer hospital stay,3,2021,2025,237,0.136,0.158,metoda,,False,False
648,healthcare cost,2,2022,2025,221,0.136,0.201,organizacja,,False,False
649,95 cis,2,2015,2025,216,0.136,0.187,metoda,,False,False
650,high bmi,2,2021,2024,183,0.136,0.145,czynnik,,False,False
651,proximal junctional failure,3,2021,2025,151,0.136,0.165,rozpoznanie,,True,False
652,revision surgery rate,3,2022,2025,150,0.136,0.258,,,False,False
653,vas leg,2,2022,2023,124,0.136,0.216,skala,,False,False
654,hip outcome score activity,4,2019,2025,187,0.135,0.172,skala,,False,False
655,lla,1,2020,2023,153,0.135,0.2,parametr,coronal alignment,False,False
656,oblique lateral interbody fusion,4,2020,2022,140,0.135,0.199,technika,,True,False
657,skilled nursing facility,3,2016,2020,237,0.133,0.202,organizacja,,False,False
658,cox regression,2,2023,2025,218,0.133,0.208,metoda,,False,False
659,elective total knee arthroplasty,4,2022,2022,200,0.133,0.162,technika,,True,False
660,chronic lateral ankle instability,4,2023,2025,192,0.133,0.208,rozpoznanie,,True,False
661,tja patient,2,2022,2025,168,0.133,0.244,,,False,False
662,roc curve analysis,3,2023,2025,153,0.133,0.222,metoda,,False,False
663,any cause,2,2017,2022,248,0.132,0.184,metoda,,False,False
664,14 2,2,2018,2024,245,0.132,0.173,metoda,,False,False
665,30 kg m2,3,2018,2022,193,0.132,0.199,metoda,,False,False
666,hos adl,2,2019,2021,192,0.132,0.146,skala,hip outcome score activity,False,False
667,80 0,2,2022,2025,186,0.132,0.165,,,False,False
668,clinical trial registration,3,2023,2024,178,0.132,0.202,metoda,,False,False
669,12 study,2,2022,2023,170,0.132,0.176,metoda,,False,False
670,rod fracture,2,2021,2024,150,0.132,0.166,,,False,False
671,promis pf,2,2022,2023,127,0.132,0.168,skala,promis,False,False
672,eq 5d 5l,3,2021,2023,120,0.132,0.176,skala,,False,False
673,adi,1,2023,2024,118,0.132,0.26,organizacja,area deprivation index,False,False
674,fri,1,2023,2025,106,0.132,0.237,rozpoznanie,fracture related infection,True,False
675,txa group,2,2015,2019,221,0.131,0.177,metoda,tranexamic acid,False,False
676,15 0,2,2021,2025,192,0.131,0.172,metoda,,False,False
677,21 9,2,2019,2025,189,0.131,0.158,metoda,,False,False
678,semi structured interview,3,2019,2025,185,0.131,0.187,metoda,,False,False
679,all adult patient,3,2020,2024,182,0.131,0.166,metoda,,False,False
680,randomized control trial,3,2022,2022,181,0.131,0.235,metoda,,False,False
681,primary reverse total shoulder arthroplasty,5,2021,2025,141,0.131,0.172,technika,,True,False
682,database inception,2,2022,2023,133,0.131,0.192,metoda,,False,False
683,anterior cruciate ligament return,4,2023,2025,131,0.131,0.201,,,False,False
684,tip apex distance,3,2017,2023,239,0.129,0.152,parametr,,False,False
685,healthcare provider,2,2017,2019,211,0.129,0.198,,,False,False
686,this cohort study,3,2021,2025,192,0.129,0.172,metoda,,False,False
687,lsi,1,2021,2025,168,0.129,0.179,skala,limb symmetry index,False,False
688,von mise stress,3,2022,2023,149,0.129,0.144,parametr,maximum stress,False,False
689,this scoping review,3,2023,2025,102,0.129,0.222,metoda,,False,False
690,vte prophylaxis,2,2012,2012,264,0.128,0.175,lek,,True,False
691,eleven study,2,2022,2023,174,0.128,0.16,metoda,,False,False
692,black patient,2,2022,2024,139,0.128,0.202,organizacja,,False,False
693,ed visit,2,2023,2023,137,0.128,0.16,wynik,emergency department visit,False,False
694,clinical outcome score,3,2013,2020,287,0.126,0.214,skala,,False,False
695,inconsistency,1,2021,2025,180,0.126,0.151,metoda,,False,False
696,olt,1,2023,2024,172,0.126,0.159,rozpoznanie,osteochondral lesion of the talus,True,False
697,asc,1,2023,2024,164,0.126,0.21,organizacja,ambulatory surgery center,False,False
698,generalizability,1,2023,2025,155,0.126,0.208,metoda,,False,False
699,femoral neck shortening,3,2023,2024,136,0.126,0.145,rozpoznanie,,True,False
700,17 2,2,2014,2022,230,0.125,0.177,metoda,,False,False
701,12 0,2,2021,2025,206,0.125,0.143,metoda,,False,False
702,25 5,2,2020,2022,193,0.125,0.14,metoda,,False,False
703,healthcare professional,2,2023,2025,166,0.125,0.201,metoda,,False,False
704,fracture characteristic,2,2022,2025,157,0.125,0.194,metoda,,False,False
705,plp,1,2023,2023,155,0.125,0.168,rozpoznanie,phantom limb pain,True,False
706,psychological readiness,2,2022,2025,116,0.125,0.165,czynnik,,False,False
707,joint line obliquity,3,2023,2025,100,0.125,0.215,parametr,,False,False
708,deep surgical site infection,4,2021,2021,182,0.123,0.173,,,False,False
709,bias assessment,2,2022,2023,162,0.123,0.152,metoda,,False,False
710,dls,1,2021,2023,155,0.123,0.144,rozpoznanie,degenerative lumbar spondylolisthesis,True,False
711,insurance type,2,2022,2025,153,0.123,0.151,organizacja,,False,False
712,dh,1,2022,2023,153,0.123,0.144,niejasne,,False,False
713,funding,1,2012,2023,265,0.122,0.184,metoda,,False,False
714,ds,1,2018,2019,206,0.122,0.157,niejasne,,False,False
715,31 3,2,2020,2022,190,0.122,0.169,metoda,,False,False
716,30 day complication,3,2022,2019,183,0.122,0.184,wynik,,False,False
717,longer operation time,3,2022,2022,175,0.122,0.14,,,False,False
718,ra total knee arthroplasty,4,2023,2025,91,0.122,0.222,,,False,False
719,mcid achievement,2,2022,2023,90,0.122,0.16,metoda,,False,False
720,local infiltration analgesia,3,2017,2020,255,0.12,0.202,lek,,True,False
721,following question,2,2013,2021,254,0.12,0.159,metoda,,False,False
722,end stage ankle arthritis,4,2015,2020,232,0.12,0.158,rozpoznanie,,True,False
723,data synthesis,2,2019,2021,211,0.12,0.159,metoda,,False,False
724,tertiary hospital,2,2023,2025,175,0.12,0.194,metoda,,False,False
725,25 9,2,2021,2021,170,0.12,0.139,,,False,False
726,patient concern,2,2017,2019,213,0.119,0.246,metoda,,False,False
727,full text,2,2021,2023,172,0.119,0.152,metoda,,False,False
728,patient demographic characteristic,3,2021,2022,154,0.119,0.155,metoda,,False,False
729,pm,1,2022,2025,148,0.119,0.158,metoda,,False,False
730,cutibacterium acne,2,2019,2022,127,0.119,0.155,rozpoznanie,,True,False
731,social determinant,2,2023,2024,88,0.119,0.195,organizacja,,False,False
732,11 0,2,2023,2025,203,0.118,0.151,,,False,False
733,18 1,2,2020,2025,184,0.118,0.136,metoda,,False,False
734,tad,1,2023,2025,182,0.118,0.158,parametr,tip apex distance,False,False
735,preoperative opioid use,3,2018,2020,180,0.118,0.202,czynnik,,False,False
736,cor,1,2022,2024,171,0.118,0.224,metoda,,False,False
737,ambulatory surgery center,3,2023,2024,155,0.118,0.173,,,False,False
738,8 study,2,2021,2024,142,0.118,0.137,metoda,,False,False
739,mechanical lateral distal femoral angle,5,2021,2021,125,0.118,0.126,,,False,False
740,hu value,2,2023,2025,105,0.118,0.179,parametr,hounsfield unit,False,False
741,searche,1,2023,2025,196,0.116,0.172,,,False,False
742,predictor variable,2,2023,2023,161,0.116,0.16,metoda,,False,False
743,fracture morphology,2,2023,2025,154,0.116,0.158,,,False,False
744,reliance,1,2023,2025,152,0.116,0.265,,,False,False
745,maximum von mise,3,2022,2023,126,0.116,0.136,parametr,maximum stress,False,False
746,medicare patient,2,2018,2022,207,0.115,0.177,organizacja,,False,False
747,gold standard treatment,3,2023,2024,188,0.115,0.152,metoda,,False,False
748,depuy synthe,2,2018,2020,161,0.115,0.158,,,False,False
749,overall revision rate,3,2023,2021,161,0.115,0.133,wynik,,False,False
750,worse clinical outcome,3,2022,2022,155,0.115,0.191,metoda,,False,False
751,mjoa,1,2022,2025,137,0.115,0.158,,,False,False
752,evidence iii,2,2023,2025,127,0.115,0.151,metoda,,False,False
753,rts rate,2,2022,2025,106,0.115,0.179,,,False,False
754,78 6,2,2022,2022,186,0.113,0.147,metoda,,False,False
755,insurance status,2,2022,2022,176,0.113,0.132,organizacja,,False,False
756,radiologic parameter,2,2023,2023,172,0.113,0.144,metoda,,False,False
757,patient rated wrist evaluation,4,2022,2025,153,0.113,0.136,skala,,False,False
758,cochrane library database,3,2021,2023,151,0.113,0.144,metoda,,False,False
759,categorical data,2,2023,2024,135,0.113,0.181,metoda,,False,False
760,total knee arthroplasty procedure,4,2019,2025,171,0.112,0.136,,,False,False
761,twelve study,2,2021,2023,168,0.112,0.144,metoda,,False,False
762,theme,1,2022,2022,154,0.112,0.125,metoda,,False,False
763,multiple database,2,2023,2025,151,0.112,0.194,metoda,,False,False
764,sf 12 pcs,3,2022,2022,143,0.112,0.132,,,False,False
765,hand dash,2,2014,2017,255,0.11,0.191,skala,quickdash,False,False
766,22 8,2,2023,2023,183,0.11,0.168,metoda,,False,False
767,foot and ankle outcome score,5,2018,2018,182,0.11,0.169,,,False,False
768,hbl,1,2020,2022,134,0.11,0.125,,,False,False
769,predictive ability,2,2023,2025,130,0.11,0.151,metoda,,False,False
770,training set,2,2023,2025,96,0.11,0.194,metoda,,False,False
771,sb,1,2011,2012,255,0.109,0.166,metoda,,False,False
772,pubmed database,2,2014,2018,235,0.109,0.191,metoda,,False,False
773,lb,1,2023,2023,190,0.109,0.144,metoda,,False,False
774,16 0,2,2022,2023,150,0.109,0.152,metoda,,False,False
775,revision hip arthroscopy,3,2023,2021,139,0.109,0.12,,,False,False
776,pain outcome,2,2023,2025,137,0.109,0.172,skala,,False,False
777,lia,1,2015,2020,214,0.107,0.183,lek,local infiltration analgesia,True,False
778,24 1,2,2023,2025,186,0.107,0.143,,,False,False
779,postoperative length,2,2022,2024,169,0.107,0.145,wynik,,False,False
780,sagittal parameter,2,2019,2024,144,0.107,0.137,,,False,False
781,daa total hip arthroplasty,4,2023,2025,113,0.107,0.136,,,False,False
782,four database,2,2023,2023,99,0.107,0.168,metoda,,False,False
783,native knee,2,2015,2019,215,0.106,0.164,niejasne,,False,False
784,prolonged length,2,2022,2024,159,0.106,0.152,,,False,False
785,vas and odi score,4,2021,2023,143,0.106,0.12,,,False,False
786,univariable analysis,2,2023,2024,115,0.106,0.137,metoda,,False,False
787,internal validation,2,2022,2023,97,0.106,0.144,metoda,,False,False
788,prospectively collected database,3,2018,2023,206,0.104,0.144,metoda,,False,False
789,multivariable model,2,2018,2018,159,0.104,0.14,metoda,,False,False
790,masquelet technique,2,2023,2017,155,0.104,0.118,,,False,False
791,nonarthritic hip score,3,2020,2021,150,0.104,0.159,skala,,False,False
792,mc,1,2023,2025,150,0.104,0.143,,,False,False
793,t score,2,2023,2023,145,0.104,0.136,,,False,False
794,dca,1,2023,2025,79,0.104,0.201,metoda,,False,False
795,mcmaster university arthritis index,4,2015,2016,195,0.103,0.175,skala,,False,False
796,7 study,2,2020,2020,156,0.103,0.139,metoda,,False,False
797,high heterogeneity,2,2022,2024,105,0.103,0.137,metoda,,False,False
798,liposomal bupivacaine,2,2015,2017,210,0.102,0.221,lek,,True,False
799,acs nsqip,2,2015,2019,199,0.102,0.171,metoda,,False,False
800,26 9,2,2021,2022,167,0.102,0.118,,,False,False
801,no impact,2,2020,2020,191,0.1,0.113,,,False,False
802,additional benefit,2,2020,2021,184,0.1,0.126,,,False,False
803,each follow up,3,2020,2020,173,0.1,0.139,metoda,,False,False
804,post hoc analysis,3,2023,2014,172,0.1,0.126,,,False,False
805,risk assessment,2,2023,2025,140,0.1,0.165,,,False,False
806,faam,1,2023,2024,129,0.1,0.116,,,False,False
807,ethical approval,2,2019,2025,127,0.1,0.115,metoda,,False,False
808,multivariable linear regression,3,2023,2024,113,0.1,0.145,metoda,,False,False
809,pooled result,2,2016,2020,204,0.099,0.158,metoda,,False,False
810,more comorbidity,2,2021,2021,141,0.099,0.12,metoda,,False,False
811,anesthesiologist classification,2,2023,2020,140,0.099,0.139,,,False,False
812,pooled data,2,2014,2019,235,0.097,0.184,metoda,,False,False
813,vbq,1,2023,2025,68,0.097,0.23,,,False,False
814,30 day readmission rate,4,2015,2016,175,0.096,0.16,metoda,,False,False
815,dual mobility cup,3,2016,2020,221,0.094,0.189,technologia,,True,False
816,multivariate model,2,2019,2020,197,0.094,0.151,metoda,,False,False
817,complication and revision rate,4,2023,2023,99,0.094,0.12,,,False,False
818,non home discharge,3,2023,2024,95,0.094,0.152,,,False,False
819,all article,2,2021,2021,179,0.093,0.12,metoda,,False,False
820,sciencedirect,1,2016,2017,169,0.093,0.191,metoda,,False,False
821,18 6,2,2023,2025,167,0.093,0.136,,,False,False
822,pla,1,2023,2024,113,0.093,0.123,niejasne,,False,False
823,ldd,1,2023,2025,88,0.093,0.129,rozpoznanie,lumbar degenerative disease,True,False
824,unilateral anterior cruciate ligament reconstruction,5,2017,2018,185,0.091,0.198,technika,,True,False
825,anterolateral ligament,2,2016,2017,159,0.09,0.162,technika,,True,False
826,index level,2,2016,2013,230,0.083,0.158,,,False,False
827,metal debris,2,2012,2014,301,0.081,0.228,rozpoznanie,,True,False
828,adverse local tissue reaction,4,2014,2016,219,0.081,0.228,rozpoznanie,,True,False
829,player,1,2017,2018,200,0.081,0.162,metoda,,False,False
830,40 kg m2,3,2020,2021,109,0.078,0.126,,,False,False
831,anterior cervical discectomy fusion group,5,2015,2015,189,0.077,0.14,metoda,,False,False
832,rivaroxaban,1,2008,2012,345,0.067,0.332,lek,,True,True
833,bundled payment,2,2015,2019,194,0.059,0.259,organizacja,,False,False
834,comprehensive care,2,2017,2019,118,0.058,0.136,,,False,False
835,fnb,1,2014,2016,183,0.055,0.205,technika,femoral nerve block,True,False
836,n a,2,2013,2014,202,0.052,0.338,metoda,,False,False
837,mat,1,2018,2018,122,0.051,0.118,,,False,False
838,ninth revision,2,2014,2017,194,0.046,0.206,metoda,,False,False
839,mom total hip arthroplasty,4,2014,2018,118,0.019,0.14,technologia,,True,False
840,clinical article,2,2012,2013,90,0.001,0.229,metoda,,False,True
841,wiley periodical,2,2015,2016,389,0.0,0.729,metoda,,False,False
842,orthopedic research society,3,2016,2019,265,0.0,0.546,metoda,,False,False
843,these slide,2,2018,2018,262,0.0,0.808,metoda,,False,False
844,electronic supplementary material,3,2018,2018,262,0.0,0.808,metoda,,False,False
845,inc j orthop res,4,2016,2019,121,0.0,0.341,metoda,,False,False
