pozycja,term,n,y0,peak_year,docs_total,prevalence_2021_2025
1,ci,1,2015,2025,10135,0.06711156245466415
2,systematic review,2,2014,2025,9343,0.0655157406064123
3,vas,1,2021,2025,10135,0.06399245611489918
4,primary outcome,2,2013,2025,5937,0.04841143188742202
5,meta analysis,2,2013,2025,6936,0.047700565791382564
6,inclusion criterion,2,2016,2025,7032,0.04224575656463078
7,pubmed,1,2011,2025,5223,0.04062091977368345
8,embase,1,2013,2025,5289,0.036631365153053826
9,95 ci,2,2014,2025,5991,0.036384738140142175
10,cohort,1,2021,2025,5186,0.03452778180763093
11,retrospective cohort study,3,2017,2025,3977,0.03307703467285652
12,secondary outcome,2,2013,2025,3821,0.03230813869142608
13,bmi,1,2015,2025,4427,0.03182939213695053
14,level iii,2,2014,2024,4919,0.03139416799651821
15,body mass index,3,2022,2024,5204,0.03126360075438851
16,patient reported outcome,3,2010,2025,2991,0.025779776584941246
17,periprosthetic joint infection,3,2011,2024,3098,0.025010880603510807
18,odd ratio,2,2016,2025,3912,0.024822283475990133
19,demographic,1,2017,2025,3172,0.023284491513129262
20,comorbidity,1,2017,2025,3685,0.022791237487305962
21,science,1,2014,2025,2456,0.022094878862614246
22,prom,1,2013,2025,2054,0.021703177136225157
23,patient reported outcome measure,4,2011,2024,2129,0.021558102422747714
24,operation time,2,2019,2023,3090,0.02112287828231539
25,odi,1,2016,2025,3231,0.020644131727839837
26,web,1,2013,2025,2137,0.01980269838967068
27,or,1,2018,2025,2865,0.019222399535760916
28,vas score,2,2017,2024,2925,0.019193384593065427
29,patient demographic,2,2013,2024,2621,0.018293921369505296
30,this systematic review,3,2012,2025,2351,0.01820687654141883
31,cochrane library,2,2012,2025,2505,0.01784418975772523
32,medline,1,2021,2023,3169,0.017191353547076745
33,readmission,1,2014,2022,2332,0.016799651820687656
34,intraoperative blood loss,3,2017,2025,2072,0.016553024807776005
35,postoperative outcome,2,2020,2025,1991,0.01650950239373277
36,instruction,1,2016,2017,2960,0.016291890323516613
37,clinical efficacy,2,2020,2025,1792,0.014754098360655738
38,independent risk factor,3,2014,2025,1922,0.014434933991005369
39,90 day,2,2016,2025,1693,0.014072247207311766
40,revision rate,2,2020,2025,1980,0.013419410996663281
41,trial registration,2,2011,2025,1829,0.013390396053967793
42,rct,1,2015,2025,2245,0.013346873639924562
43,scopus,1,2015,2025,1280,0.013056724212969679
44,bias,1,2015,2025,1743,0.01270854490062382
45,preferred reporting item,3,2015,2024,1274,0.012389380530973451
46,exclusion criterion,2,2016,2025,1803,0.012331350645582474
47,surgical site infection,3,2017,2025,2053,0.01199767880458436
48,minimal clinically important difference,4,2016,2024,1154,0.011910633976497897
49,subgroup analysis,2,2014,2025,1512,0.011881619033802408
50,reoperation rate,2,2020,2025,1644,0.011867111562454664
51,los,1,2019,2022,1775,0.011794574205715943
52,mcid,1,2016,2025,1107,0.011547947192804294
53,database,1,2021,2022,1968,0.011257797765849412
54,iqr,1,2014,2025,1275,0.01121427535180618
55,koo,1,2012,2025,1647,0.011098215581024227
56,p value,2,2016,2023,1538,0.011040185695633252
57,logistic regression analysis,3,2020,2025,1530,0.010938633396199042
58,auc,1,2013,2025,1080,0.010866096039460323
59,hr,1,2014,2025,1523,0.010604961555200928
60,univariate analysis,2,2016,2025,1460,0.010314812128246047
61,tja,1,2015,2022,1354,0.009734513274336283
62,patient characteristic,2,2022,2024,1557,0.009705498331640795
63,md,1,2010,2025,1395,0.009705498331640795
64,included study,2,2012,2025,1331,0.009560423618163354
65,pro,1,2017,2025,1100,0.00940084143333817
66,propensity score matching,3,2017,2025,874,0.009168721891774263
67,lower rate,2,2021,2024,1307,0.009096184535035544
68,inception,1,2013,2025,983,0.008922094878862615
69,prisma guideline,2,2016,2025,817,0.008777020165385173
70,hhs,1,2020,2025,1424,0.008733497751341942
71,this retrospective cohort study,4,2015,2025,893,0.008631945451907732
72,this meta analysis,3,2013,2025,1372,0.008602930509212244
73,reverse total shoulder arthroplasty,4,2013,2025,1151,0.008602930509212244
74,asd,1,2014,2024,1199,0.008414333381691572
75,hazard ratio,2,2015,2025,1343,0.008312781082257362
76,rr,1,2014,2025,1478,0.008254751196866385
77,ase,1,2020,2022,1208,0.00787755694182504
78,knee injury,2,2018,2024,1142,0.007834034527781808
79,kss,1,2013,2022,1328,0.0077469896996953435
80,independent predictor,2,2015,2025,1149,0.007543885100826926
81,paucity,1,2019,2022,1288,0.0074568402727404615
82,threshold,1,2018,2025,1016,0.007413317858697229
83,joa,1,2016,2024,1332,0.007268243145219788
84,single center,2,2018,2025,921,0.006687944291310025
85,receiver operating characteristic curve,4,2018,2023,751,0.006629914405919048
86,multivariable analysis,2,2013,2025,771,0.0066008994632235606
87,reverse shoulder arthroplasty,3,2011,2024,1090,0.006586391991875816
88,lower risk,2,2019,2025,938,0.006528362106484839
89,random effect model,3,2016,2025,832,0.006499347163789352
90,opioid consumption,2,2013,2025,861,0.006455824749746119
91,race,1,2022,2024,913,0.00635427245031191
92,oks,1,2012,2025,878,0.006339764978964166
93,adult spinal deformity,3,2017,2025,828,0.006339764978964166
94,modified harris hip score,4,2016,2021,924,0.006325257507616423
95,all p,2,2019,2025,789,0.006194690265486726
96,baseline characteristic,2,2014,2025,737,0.006064123023357029
97,ssi,1,2018,2024,1040,0.006049615552009285
98,editorial commentary,2,2015,2024,867,0.0060206006093137966
99,final analysis,2,2017,2025,761,0.005977078195270565
100,case presentation,2,2014,2025,903,0.0059625707239228205
101,descriptive statistic,2,2018,2025,797,0.0059625707239228205
102,primary anterior cruciate ligament reconstruction,5,2018,2025,906,0.005933555781227332
103,google scholar,2,2012,2025,765,0.005904540838531844
104,charlson comorbidity index,3,2013,2025,704,0.005904540838531844
105,literature search,2,2019,2024,964,0.0058900333671841
106,older age,2,2019,2025,938,0.0058900333671841
107,tranexamic acid,2,2015,2021,1173,0.005832003481793123
108,systematic search,2,2011,2025,772,0.005817496010445379
109,opioid use,2,2017,2025,735,0.005744958653706659
110,meta analysis guideline,3,2017,2024,547,0.005744958653706659
111,osteoarthritis outcome score,3,2016,2024,815,0.0057304511823589145
112,significant risk factor,3,2022,2025,927,0.005715943711011171
113,ll,1,2013,2022,725,0.005686928768315683
114,all study,2,2015,2023,949,0.005628898882924706
115,nrs,1,2016,2024,718,0.0056143914115769624
116,odi score,2,2018,2025,834,0.00557086899753373
117,asa,1,2016,2022,920,0.005527346583490498
118,therapeutic level iii,3,2016,2019,867,0.0054983316407950095
119,pass,1,2019,2025,511,0.005440301755404033
120,direct anterior approach,3,2014,2023,716,0.005309734513274336
121,current evidence,2,2012,2025,901,0.005237197156535616
122,multivariable logistic regression,3,2017,2025,549,0.005237197156535616
123,ndi,1,2016,2022,891,0.005121137385753663
124,primary aim,2,2017,2024,741,0.005106629914405919
125,prospectively collected data,3,2013,2017,917,0.005077614971710431
126,mhh,1,2014,2025,666,0.005077614971710431
127,pelvic tilt,2,2015,2022,811,0.005063107500362687
128,significantly higher rate,3,2022,2025,712,0.005063107500362687
129,cross sectional study,3,2018,2025,848,0.0050340925576671984
130,ovcf,1,2011,2025,600,0.004918032786885246
131,multivariate logistic regression analysis,4,2014,2025,660,0.004874510372842014
132,potential risk factor,3,2017,2025,761,0.004860002901494269
133,2 3,2,2023,2025,833,0.004830987958798781
134,txa,1,2013,2019,840,0.004772958073407805
135,vas pain score,3,2014,2025,828,0.004758450602060061
136,cinahl,1,2019,2023,859,0.0047439431307123164
137,femoroacetabular impingement syndrome,3,2018,2022,453,0.004714928188016829
138,patient acceptable symptom state,4,2019,2025,382,0.004714928188016829
139,continuous variable,2,2016,2025,576,0.004656898302625852
140,implant survivorship,2,2016,2023,606,0.0046423908312781086
141,medicare,1,2015,2019,796,0.00461337588858262
142,female sex,2,2017,2025,639,0.00461337588858262
143,visual analog scale score,4,2017,2025,789,0.004598868417234876
144,pelvic incidence,2,2014,2022,678,0.004598868417234876
145,interquartile range,2,2018,2023,658,0.004598868417234876
146,i2,1,2017,2025,458,0.004598868417234876
147,demographic characteristic,2,2019,2025,578,0.004569853474539387
148,two cohort,2,2021,2025,582,0.004497316117800667
149,primary objective,2,2021,2025,671,0.0044683011751051795
150,china,1,2015,2025,591,0.004453793703757435
151,icc,1,2015,2025,772,0.004381256347018715
152,ldh,1,2015,2024,549,0.004381256347018715
153,eq 5d,2,2011,2019,818,0.0043522414043232266
154,2 0,2,2016,2024,679,0.0042942115189322505
155,pi,1,2014,2025,582,0.004250689104889018
156,4 3,2,2022,2022,767,0.004236181633541274
157,data extraction,2,2015,2025,626,0.004236181633541274
158,male sex,2,2018,2025,622,0.004236181633541274
159,90 day readmission,3,2017,2022,418,0.0041781517481502975
160,1 0,2,2020,2025,666,0.004163644276802553
161,secondary aim,2,2014,2021,532,0.004163644276802553
162,cs,1,2020,2025,639,0.004105614391411577
163,journal,1,2019,2023,542,0.004105614391411577
164,daa,1,2015,2024,482,0.004105614391411577
165,covariate,1,2022,2024,558,0.004018569563325113
166,intervention group,2,2022,2025,590,0.003989554620629624
167,cci,1,2015,2024,459,0.003989554620629624
168,cage subsidence,2,2021,2025,444,0.00397504714928188
169,12 month follow up,4,2016,2025,713,0.003960539677934136
170,medical complication,2,2023,2025,546,0.003931524735238648
171,lumbar degenerative disease,3,2018,2023,505,0.003931524735238648
172,forgotten joint score,3,2019,2025,373,0.003931524735238648
173,mean follow up duration,4,2023,2025,654,0.0039025097925431598
174,radiological parameter,2,2020,2025,518,0.0038880023211954155
175,english,1,2017,2024,626,0.0038589873784999275
176,enhanced recovery,2,2017,2025,413,0.0038589873784999275
177,risk ratio,2,2014,2025,688,0.0038299724358044395
178,hka,1,2019,2025,393,0.0038154649644566952
179,sva,1,2014,2020,589,0.003800957493108951
180,mann whitney u test,4,2022,2025,546,0.003800957493108951
181,smd,1,2014,2025,492,0.0037574350790657188
182,comprehensive search,2,2014,2025,437,0.0037574350790657188
183,smoking status,2,2015,2024,530,0.003742927607717975
184,ase score,2,2016,2023,558,0.0036994051936747427
185,imn,1,2020,2025,508,0.0036848977223269985
186,proximal junctional kyphosis,3,2016,2025,491,0.0036848977223269985
187,readmission rate,2,2013,2020,602,0.0036703902509792542
188,rts,1,2018,2025,377,0.00365588277963151
189,retrospective observational study,3,2015,2025,432,0.0036413753082837662
190,lateral lumbar interbody fusion,4,2013,2023,456,0.003626867836936022
191,secondary analysis,2,2019,2025,442,0.003626867836936022
192,pod,1,2021,2025,504,0.003597852894240534
193,mpta,1,2018,2025,344,0.003597852894240534
194,taa,1,2015,2023,515,0.0035833454228927897
195,numeric rating scale,3,2014,2025,510,0.0035833454228927897
196,olif,1,2018,2022,344,0.0035833454228927897
197,linear regression,2,2014,2025,536,0.0035688379515450455
198,similar outcome,2,2020,2023,567,0.0035398230088495575
199,prospero,1,2020,2025,313,0.0035253155375018132
200,existing literature,2,2022,2025,456,0.0035108080661540694
201,limited data,2,2023,2024,581,0.003496300594806325
202,sagittal vertical axis,3,2014,2020,547,0.003496300594806325
203,both cohort,2,2019,2025,490,0.003496300594806325
204,secondary objective,2,2018,2023,488,0.003481793123458581
205,cis,1,2013,2025,462,0.003481793123458581
206,perioperative outcome,2,2014,2025,496,0.003467285652110837
207,percutaneous kyphoplasty,2,2016,2024,477,0.003467285652110837
208,pkp,1,2016,2024,431,0.003467285652110837
209,categorical variable,2,2019,2025,419,0.003452778180763093
210,prognostic level iii,3,2016,2024,429,0.0034382707094153487
211,ss,1,2020,2022,487,0.0033947482953721165
212,adjusted odd ratio,3,2017,2025,471,0.0033947482953721165
213,hip knee ankle angle,4,2019,2024,384,0.0033947482953721165
214,transfusion rate,2,2015,2019,763,0.0033802408240243727
215,mep,1,2013,2025,587,0.0033802408240243727
216,minimum clinically important difference,4,2017,2023,397,0.0033657333526766284
217,covid 19,2,2020,2020,365,0.0033657333526766284
218,esr,1,2017,2021,536,0.003351225881328884
219,higher odd,2,2018,2025,375,0.0033367184099811404
220,retrospective case control study,4,2015,2024,518,0.003322210938633396
221,ors,1,2017,2025,448,0.003322210938633396
222,similar rate,2,2021,2024,407,0.003322210938633396
223,all cause revision,3,2019,2025,304,0.003322210938633396
224,sacral slope,2,2015,2025,490,0.003307703467285652
225,electronic medical record,3,2013,2024,441,0.003307703467285652
226,posterior tibial slope,3,2021,2025,434,0.003307703467285652
227,artificial intelligence,2,2021,2025,250,0.003307703467285652
228,lld,1,2023,2023,432,0.003293195995937908
229,mechanical complication,2,2021,2025,399,0.003293195995937908
230,all participant,2,2015,2025,517,0.003278688524590164
231,shorter operative time,3,2022,2025,433,0.003278688524590164
232,quality assessment,2,2014,2025,426,0.003278688524590164
233,reduction quality,2,2021,2025,364,0.003278688524590164
234,confounder,1,2015,2025,394,0.0032641810532424197
235,medial proximal tibial angle,4,2019,2024,334,0.0032351661105469317
236,machine learning,2,2019,2023,270,0.0032351661105469317
237,provider,1,2018,2020,609,0.0032061511678514436
238,secondary outcome measure,3,2014,2020,659,0.0031916436965036994
239,correlation analysis,2,2020,2025,454,0.0031916436965036994
240,pts,1,2017,2025,347,0.003177136225155955
241,two reviewer,2,2017,2023,564,0.0031626287538082114
242,trial registration number,3,2015,2025,389,0.0031626287538082114
243,roc curve,2,2021,2023,384,0.0031626287538082114
244,fjs,1,2019,2025,286,0.003148121282460467
245,lesson,1,2017,2018,674,0.003133613811112723
246,discharge disposition,2,2015,2024,454,0.003133613811112723
247,mean body mass index,4,2017,2025,466,0.003119106339764979
248,anatomic total shoulder arthroplasty,4,2017,2023,400,0.003119106339764979
249,rtka,1,2019,2025,301,0.003119106339764979
250,robotic assisted total knee arthroplasty,5,2021,2025,244,0.003119106339764979
251,disparity,1,2022,2024,369,0.003104598868417235
252,mcs,1,2015,2025,474,0.0030900913970694907
253,sa,1,2016,2024,404,0.003075583925721747
254,newcastle ottawa scale,3,2019,2025,321,0.003075583925721747
255,covid 19 pandemic,3,2020,2020,289,0.003075583925721747
256,ai,1,2019,2025,324,0.0030610764543740026
257,study protocol,2,2015,2025,445,0.0030175540403307704
258,network meta analysis,3,2017,2024,332,0.0030175540403307704
259,pjis,1,2018,2024,338,0.003003046568983026
260,fnf,1,2018,2024,331,0.003003046568983026
261,mid term follow up,4,2013,2021,494,0.0029885390976352824
262,pjk,1,2016,2025,357,0.002974031626287538
263,fais,1,2019,2023,258,0.002959524154939794
264,substantial clinical benefit,3,2019,2025,276,0.00294501668359205
265,5 0,2,2023,2025,457,0.002930509212244306
266,international classification,2,2011,2017,597,0.0029160017408965616
267,keyword,1,2015,2024,409,0.002901494269548818
268,healthcare system,2,2019,2024,377,0.0028869867982010736
269,multivariate regression analysis,3,2014,2019,435,0.0028724793268533294
270,demographic information,2,2018,2023,383,0.0028724793268533294
271,matched cohort,2,2016,2023,415,0.0028434643841578414
272,standardized mean difference,3,2014,2025,373,0.002828956912810097
273,lateral center edge angle,4,2015,2023,363,0.002828956912810097
274,methodological index,2,2017,2025,303,0.002828956912810097
275,observation group,2,2019,2025,275,0.002828956912810097
276,frailty,1,2021,2025,257,0.002814449441462353
277,independent sample t test,4,2021,2025,350,0.002799941970114609
278,cnki,1,2015,2024,358,0.002785434498766865
279,increased odd,2,2016,2022,348,0.002785434498766865
280,1 1 ratio,3,2019,2025,309,0.002785434498766865
281,retear,1,2018,2024,425,0.0027709270274191206
282,medial unicompartmental knee arthroplasty,4,2014,2025,410,0.0027709270274191206
283,subjective shoulder value,3,2018,2021,400,0.0027709270274191206
284,ethnicity,1,2022,2024,337,0.0027709270274191206
285,aseptic revision,2,2017,2023,328,0.0027709270274191206
286,narrative review,2,2019,2025,292,0.0027709270274191206
287,mental health,2,2023,2025,398,0.002756419556071377
288,included patient,2,2017,2024,310,0.002756419556071377
289,receiver operating characteristic roc curve,5,2018,2025,287,0.002756419556071377
290,3d printing,2,2017,2025,336,0.0027274046133758884
291,pao,1,2012,2024,398,0.0027128971420281446
292,quick disability,2,2015,2025,363,0.0027128971420281446
293,mme,1,2019,2025,248,0.0027128971420281446
294,registry,1,2019,2024,485,0.0026983896706804004
295,numerical rating scale,3,2017,2025,355,0.0026983896706804004
296,surgical duration,2,2017,2025,298,0.0026983896706804004
297,cochrane database,2,2017,2021,466,0.002683882199332656
298,eligibility criterion,2,2015,2022,435,0.002683882199332656
299,national database,2,2017,2023,343,0.002683882199332656
300,cutoff value,2,2016,2024,325,0.002683882199332656
301,mean bmi,2,2018,2025,325,0.0026693747279849123
302,geriatric patient,2,2022,2024,383,0.002654867256637168
303,30 day readmission,3,2015,2023,420,0.002640359785289424
304,cms,1,2015,2025,372,0.002640359785289424
305,fai,1,2012,2021,572,0.002582329899898448
306,cbct,1,2012,2023,360,0.002582329899898448
307,predictive model,2,2018,2024,304,0.002582329899898448
308,csa,1,2019,2025,359,0.0025678224285507036
309,two independent reviewer,3,2021,2025,357,0.0025678224285507036
310,primary hip arthroscopy,3,2019,2021,256,0.0025678224285507036
311,psi,1,2013,2025,437,0.0025533149572029594
312,drf,1,2017,2023,341,0.0025533149572029594
313,significantly lower rate,3,2023,2025,310,0.0025533149572029594
314,phf,1,2019,2025,273,0.0025533149572029594
315,koa,1,2020,2024,236,0.0025533149572029594
316,onfh,1,2018,2025,386,0.0025388074858552156
317,ais patient,2,2016,2025,348,0.0025388074858552156
318,patient quality,2,2018,2025,380,0.0025243000145074713
319,n s,2,2010,2018,605,0.002509792543159727
320,shorter operation time,3,2019,2022,386,0.002509792543159727
321,tobacco use,2,2018,2024,343,0.002509792543159727
322,nine study,2,2017,2025,337,0.002509792543159727
323,systematic literature search,3,2018,2025,328,0.002509792543159727
324,2 cohort,2,2015,2023,352,0.0024952850718119833
325,ka,1,2016,2025,296,0.0024952850718119833
326,scoping review,2,2021,2025,210,0.0024952850718119833
327,dm,1,2016,2025,318,0.002480777600464239
328,eligible study,2,2021,2025,342,0.002466270129116495
329,asd surgery,2,2017,2025,271,0.002466270129116495
330,surgical factor,2,2012,2025,368,0.002451762657768751
331,cumulative incidence,2,2017,2025,341,0.002451762657768751
332,intraoperative bleeding,2,2023,2023,306,0.002451762657768751
333,current procedural terminology code,4,2017,2024,360,0.002437255186421007
334,sane,1,2019,2025,296,0.002437255186421007
335,ssis,1,2015,2025,452,0.0024227477150732626
336,dissemination,1,2016,2025,368,0.0024227477150732626
337,multivariable logistic regression analysis,4,2016,2024,321,0.0024227477150732626
338,cone beam computed tomography,4,2012,2025,411,0.002408240243725519
339,each cohort,2,2018,2025,283,0.002408240243725519
340,shared decision making,3,2019,2022,279,0.002408240243725519
341,atsa,1,2020,2025,210,0.0023937327723777746
342,adult spinal deformity surgery,4,2016,2025,288,0.0023792253010300303
343,aor,1,2019,2025,255,0.0023792253010300303
344,significantly higher risk,3,2022,2025,351,0.0023647178296822865
345,larger sample size,3,2022,2025,311,0.0023647178296822865
346,fea,1,2021,2025,280,0.0023647178296822865
347,surgical detail,2,2021,2025,278,0.0023647178296822865
348,2 test,2,2014,2022,324,0.0023502103583345423
349,higher bmi,2,2015,2025,299,0.0023502103583345423
350,spinopelvic parameter,2,2018,2025,263,0.0023502103583345423
351,9 3,2,2018,2023,441,0.002335702886986798
352,ssv,1,2017,2025,288,0.002335702886986798
353,calibration,1,2021,2023,247,0.002335702886986798
354,six study,2,2013,2025,358,0.0023211954156390543
355,ethic,1,2017,2025,312,0.00230668794429131
356,acute kidney injury,3,2017,2025,257,0.00230668794429131
357,incidence and risk factor,4,2014,2022,390,0.002292180472943566
358,ohs,1,2012,2022,388,0.002292180472943566
359,five study,2,2014,2024,369,0.002292180472943566
360,rtha,1,2020,2025,216,0.002292180472943566
361,valuable insight,2,2023,2025,187,0.002292180472943566
362,relevant study,2,2015,2024,369,0.002277673001595822
363,knee joint function,3,2020,2024,258,0.002277673001595822
364,four study,2,2017,2024,367,0.002263165530248078
365,robotic assistance,2,2021,2025,203,0.002263165530248078
366,mid term outcome,3,2016,2025,321,0.0022486580589003336
367,cochrane risk,2,2020,2025,228,0.0022341505875525898
368,secondary endpoint,2,2014,2025,403,0.0022196431162048455
369,seven study,2,2015,2025,340,0.0022196431162048455
370,medicaid service,2,2016,2025,336,0.0022196431162048455
371,three study,2,2015,2022,321,0.0022196431162048455
372,reimbursement,1,2016,2025,400,0.0022051356448571013
373,eight study,2,2017,2025,317,0.0022051356448571013
374,independent factor,2,2016,2024,304,0.0022051356448571013
375,18 2,2,2022,2024,349,0.0021906281735093575
376,cut off value,3,2017,2023,286,0.0021906281735093575
377,tegner activity scale,3,2012,2024,368,0.0021761207021616133
378,primary total joint arthroplasty,4,2017,2022,309,0.0021761207021616133
379,higher body mass index,4,2020,2025,275,0.0021761207021616133
380,certainty,1,2021,2025,218,0.0021761207021616133
381,surgical orthopedic,2,2019,2025,216,0.0021761207021616133
382,all prom,2,2021,2024,187,0.0021761207021616133
383,coronal alignment,2,2020,2025,341,0.002161613230813869
384,ao ota,2,2021,2025,296,0.002161613230813869
385,comparable outcome,2,2020,2025,276,0.002161613230813869
386,maximum stress,2,2020,2022,265,0.002161613230813869
387,rcr,1,2018,2022,262,0.002161613230813869
388,nomogram,1,2020,2025,190,0.002161613230813869
389,cox proportional hazard model,4,2020,2025,334,0.0021471057594661253
390,demographic variable,2,2018,2025,294,0.0021471057594661253
391,mechanical alignment,2,2018,2025,298,0.002132598288118381
392,operative duration,2,2020,2025,266,0.002132598288118381
393,uiv,1,2017,2025,262,0.002132598288118381
394,fracture healing time,3,2016,2025,320,0.002118090816770637
395,inferior outcome,2,2014,2024,318,0.002118090816770637
396,univariate and multivariate analysis,4,2019,2025,309,0.002118090816770637
397,ar,1,2019,2023,259,0.002118090816770637
398,scb,1,2020,2025,199,0.002118090816770637
399,decision curve analysis,3,2021,2025,164,0.002118090816770637
400,patient specific instrumentation,3,2013,2025,344,0.0020890758740751488
401,dexamethasone,1,2020,2025,305,0.0020890758740751488
402,0 0,2,2016,2024,285,0.0020890758740751488
403,multivariable regression analysis,3,2018,2024,248,0.0020890758740751488
404,baseline demographic,2,2019,2022,228,0.0020890758740751488
405,non randomized study,3,2020,2025,222,0.0020890758740751488
406,large cohort,2,2017,2019,357,0.0020745684027274045
407,title,1,2016,2022,307,0.0020745684027274045
408,hoo,1,2014,2025,304,0.0020745684027274045
409,implant retention,2,2018,2025,254,0.0020745684027274045
410,surgical data,2,2018,2022,253,0.0020600609313796607
411,independent t test,3,2016,2025,293,0.0020455534600319165
412,adductor canal block,3,2016,2021,288,0.0020455534600319165
413,purpose hypothesis,2,2019,2019,269,0.0020455534600319165
414,quickdash,1,2014,2021,313,0.0020310459886841723
415,25 0,2,2020,2025,298,0.0020310459886841723
416,postoperative clinical outcome,3,2017,2025,268,0.0020310459886841723
417,study quality,2,2019,2025,263,0.0020310459886841723
418,oblique lumbar interbody fusion,4,2019,2024,199,0.0020310459886841723
419,latarjet procedure,2,2018,2024,326,0.002016538517336428
420,all outcome,2,2017,2023,290,0.002016538517336428
421,owhto,1,2017,2019,282,0.002016538517336428
422,single assessment numeric evaluation,4,2018,2024,251,0.002016538517336428
423,promis,1,2019,2025,216,0.002016538517336428
424,percutaneous endoscopic lumbar discectomy,4,2016,2018,323,0.0020020310459886843
425,bias tool,2,2019,2025,226,0.0020020310459886843
426,elixhauser comorbidity index,3,2022,2024,171,0.0020020310459886843
427,pearldiver database,2,2022,2022,197,0.00198752357464094
428,ovid,1,2011,2022,347,0.001973016103293196
429,this prospective cohort study,4,2017,2025,342,0.001973016103293196
430,postoperative complication rate,3,2014,2025,291,0.001973016103293196
431,eligible patient,2,2021,2025,262,0.001973016103293196
432,liv,1,2020,2025,261,0.001973016103293196
433,ovid medline,2,2018,2024,257,0.001973016103293196
434,femoroacetabular impingement fai,3,2012,2016,451,0.001958508631945452
435,longer length,2,2017,2024,299,0.001958508631945452
436,modified macnab criterion,3,2017,2025,260,0.001958508631945452
437,arcr,1,2020,2024,208,0.001958508631945452
438,prediction model,2,2019,2024,204,0.001958508631945452
439,lower odd,2,2019,2025,206,0.0019440011605977078
440,90 day complication,3,2020,2024,196,0.0019294936892499638
441,fns,1,2021,2024,142,0.0019294936892499638
442,hospital readmission,2,2014,2022,348,0.0019149862179022197
443,calibration curve,2,2022,2025,141,0.0019149862179022197
444,30 day mortality,3,2012,2021,336,0.0019004787465544755
445,transfemoral amputation,2,2013,2025,295,0.0019004787465544755
446,modifiable risk factor,3,2018,2025,267,0.0019004787465544755
447,primary tja,2,2018,2024,238,0.0019004787465544755
448,surgery duration,2,2018,2025,228,0.0019004787465544755
449,single center retrospective study,4,2020,2025,204,0.0019004787465544755
450,retear rate,2,2017,2023,288,0.0018859712752067315
451,research question,2,2018,2018,276,0.0018859712752067315
452,radiological and clinical outcome,4,2018,2024,272,0.0018859712752067315
453,upper instrumented vertebra,3,2020,2025,255,0.0018859712752067315
454,metric,1,2018,2024,237,0.0018859712752067315
455,hounsfield unit,2,2022,2025,220,0.0018859712752067315
456,3 month follow up,4,2016,2025,371,0.0018714638038589875
457,visual analog scale pain score,5,2017,2025,322,0.0018714638038589875
458,peld,1,2016,2018,301,0.0018714638038589875
459,cda,1,2016,2023,263,0.0018714638038589875
460,retrospective cohort analysis,3,2021,2025,216,0.0018714638038589875
461,fjs 12,2,2020,2025,185,0.0018714638038589875
462,therefore this study,3,2023,2025,163,0.0018714638038589875
463,machine learning model,3,2022,2024,142,0.0018714638038589875
464,wmd,1,2015,2019,336,0.0018569563325112433
465,tk,1,2017,2022,264,0.0018569563325112433
466,lateral extra articular tenodesis,4,2020,2025,178,0.0018569563325112433
467,bone joint j,3,2016,2017,634,0.0018424488611634992
468,mean sd,2,2011,2020,405,0.0018424488611634992
469,multimodal analgesia,2,2021,2025,271,0.0018424488611634992
470,t nnis grade,3,2017,2021,247,0.0018424488611634992
471,volar locking plate,3,2016,2024,363,0.001827941389815755
472,mua,1,2022,2022,239,0.001827941389815755
473,t1 slope,2,2018,2025,231,0.001827941389815755
474,revision risk,2,2019,2025,231,0.001827941389815755
475,postoperative hospital stay,3,2023,2023,216,0.001827941389815755
476,roc analysis,2,2022,2025,200,0.001827941389815755
477,hu,1,2022,2025,197,0.001827941389815755
478,10 0,2,2022,2025,285,0.001813433918468011
479,prwe,1,2018,2023,246,0.001813433918468011
480,cl,1,2020,2024,224,0.001813433918468011
481,pi ll,2,2022,2024,207,0.001813433918468011
482,adverse reaction,2,2011,2025,379,0.001798926447120267
483,10 1,2,2018,2025,298,0.001798926447120267
484,mean sd age,3,2018,2025,286,0.001798926447120267
485,distal femur fracture,3,2014,2025,264,0.001798926447120267
486,minimum 10 year follow up,5,2022,2024,220,0.001798926447120267
487,same day discharge,3,2020,2025,177,0.0017844189757725227
488,chinese clinical trial registry,4,2021,2025,153,0.0017844189757725227
489,femoral neck system,3,2022,2024,124,0.0017844189757725227
490,these risk factor,3,2016,2024,279,0.0017699115044247787
491,pooled analysis,2,2018,2021,251,0.0017699115044247787
492,embase database,2,2020,2022,209,0.0017699115044247787
493,chronic periprosthetic joint infection,4,2020,2022,185,0.0017699115044247787
494,potential confounder,2,2018,2025,275,0.0017554040330770347
495,clinicaltrial gov,2,2018,2019,269,0.0017554040330770347
496,lp,1,2021,2025,229,0.0017554040330770347
497,eos,1,2016,2020,275,0.0017408965617292905
498,patient reported outcome score,4,2016,2018,273,0.0017408965617292905
499,malnutrition,1,2018,2025,237,0.0017408965617292905
500,emergency department visit,3,2022,2025,181,0.0017408965617292905
501,clinical question,2,2011,2023,357,0.0017263890903815465
502,pubmed medline,2,2016,2024,263,0.0017263890903815465
503,greater proportion,2,2020,2022,229,0.0017263890903815465
504,discrimination,1,2022,2022,198,0.0017263890903815465
505,virtual reality,2,2020,2025,187,0.0017263890903815465
506,asd patient,2,2021,2025,181,0.0017263890903815465
507,8 0,2,2017,2025,317,0.0017118816190338025
508,tea,1,2013,2025,312,0.0017118816190338025
509,graft type,2,2018,2025,305,0.0017118816190338025
510,hv,1,2023,2025,226,0.0017118816190338025
511,bone cement leakage,3,2019,2025,208,0.0017118816190338025
512,kinesiophobia,1,2022,2025,194,0.0017118816190338025
513,early onset scoliosis,3,2011,2020,357,0.0016973741476860582
514,pfna,1,2011,2025,308,0.0016973741476860582
515,bivariate analysis,2,2016,2020,268,0.0016973741476860582
516,aa,1,2019,2023,249,0.0016973741476860582
517,opioid prescription,2,2018,2020,216,0.0016973741476860582
518,surgical characteristic,2,2022,2025,197,0.0016973741476860582
519,this cross sectional study,4,2021,2025,222,0.0016828666763383142
520,operation duration,2,2020,2021,221,0.0016828666763383142
521,other outcome,2,2019,2024,255,0.0016683592049905702
522,receiver operating characteristic curve analysis,5,2019,2023,221,0.0016683592049905702
523,multivariable logistic regression model,4,2020,2024,202,0.0016683592049905702
524,binary logistic regression,3,2022,2025,186,0.0016683592049905702
525,open wedge high tibial osteotomy,5,2016,2019,307,0.001653851733642826
526,open reduction internal fixation group,5,2019,2021,245,0.001653851733642826
527,rs,1,2021,2024,225,0.001653851733642826
528,elevated risk,2,2023,2025,219,0.001653851733642826
529,mowhto,1,2019,2024,171,0.001653851733642826
530,ihot 12,2,2021,2025,153,0.001653851733642826
531,future work,2,2019,2023,233,0.001639344262295082
532,mean standard deviation,3,2017,2017,292,0.001624836790947338
533,13 9,2,2014,2022,265,0.001624836790947338
534,search term,2,2014,2021,265,0.001624836790947338
535,chronic kidney disease,3,2019,2025,212,0.001624836790947338
536,all model,2,2020,2024,200,0.001624836790947338
537,protective factor,2,2023,2025,181,0.001624836790947338
538,eras,1,2021,2025,172,0.001624836790947338
539,control cohort,2,2018,2022,237,0.0016103293195995937
540,surgical variable,2,2022,2022,215,0.0016103293195995937
541,limb symmetry index,3,2020,2024,191,0.0016103293195995937
542,augmented reality,2,2022,2023,148,0.0016103293195995937
543,model performance,2,2022,2025,134,0.0016103293195995937
544,9 0,2,2016,2024,272,0.0015958218482518497
545,institutional database,2,2018,2025,242,0.0015958218482518497
546,ppf,1,2021,2025,173,0.0015958218482518497
547,dair,1,2022,2025,163,0.0015958218482518497
548,single academic institution,3,2022,2025,161,0.0015958218482518497
549,acb,1,2019,2022,234,0.0015813143769041057
550,question purpose,2,2019,2021,233,0.0015813143769041057
551,nah,1,2020,2021,229,0.0015813143769041057
552,each model,2,2020,2024,199,0.0015813143769041057
553,morphine milligram equivalent,3,2020,2023,147,0.0015813143769041057
554,psm,1,2023,2025,133,0.0015813143769041057
555,koo jr,2,2022,2025,127,0.0015813143769041057
556,preoperative factor,2,2019,2023,255,0.0015668069055563615
557,treatment success,2,2023,2025,237,0.0015668069055563615
558,fao,1,2018,2025,233,0.0015668069055563615
559,infection risk,2,2017,2025,226,0.0015668069055563615
560,cephalomedullary nail,2,2021,2025,213,0.0015668069055563615
561,associated factor,2,2022,2025,196,0.0015668069055563615
562,lcea,1,2021,2024,173,0.0015668069055563615
563,patient specific factor,3,2022,2025,171,0.0015668069055563615
564,fracture related infection,3,2022,2025,121,0.0015668069055563615
565,higher revision rate,3,2018,2023,267,0.0015522994342086175
566,short stem,2,2015,2021,252,0.0015522994342086175
567,large national database,3,2022,2023,146,0.0015522994342086175
568,let,1,2021,2025,139,0.0015522994342086175
569,tt,1,2019,2023,238,0.0015377919628608734
570,perioperative data,2,2021,2024,213,0.0015377919628608734
571,review manager,2,2021,2023,178,0.0015377919628608734
572,ldfa,1,2022,2025,133,0.0015377919628608734
573,23 3,2,2021,2024,229,0.0015232844915131292
574,ten study,2,2020,2023,195,0.0015232844915131292
575,sarcopenia,1,2022,2024,134,0.0015232844915131292
576,50 0,2,2017,2025,234,0.0015087770201653852
577,10 study,2,2021,2021,189,0.0015087770201653852
578,patient acceptable symptomatic state,4,2019,2021,165,0.0015087770201653852
579,scapular notching,2,2013,2024,285,0.0014942695488176412
580,oxford shoulder score,3,2015,2022,241,0.0014942695488176412
581,1 year mortality,3,2021,2025,234,0.0014942695488176412
582,3d printing technology,3,2017,2019,212,0.0014942695488176412
583,sl,1,2019,2022,201,0.0014942695488176412
584,less intraoperative blood loss,4,2022,2023,192,0.0014942695488176412
585,dataset,1,2022,2025,186,0.0014942695488176412
586,imaging data,2,2022,2024,169,0.0014942695488176412
587,cervical disc arthroplasty,3,2016,2023,310,0.001479762077469897
588,registry data,2,2018,2023,231,0.001479762077469897
589,injury characteristic,2,2021,2025,184,0.001479762077469897
590,eq vas,2,2021,2023,170,0.001479762077469897
591,significant postoperative improvement,3,2022,2025,168,0.001479762077469897
592,coronal plane alignment,3,2023,2025,138,0.001479762077469897
593,23 1,2,2022,2023,260,0.001465254606122153
594,fragility fracture,2,2021,2022,235,0.001465254606122153
595,median follow up time,4,2017,2023,234,0.001465254606122153
596,patient cohort,2,2020,2021,204,0.001465254606122153
597,white patient,2,2022,2023,178,0.001465254606122153
598,external validation,2,2021,2025,143,0.001465254606122153
599,21 4,2,2018,2025,272,0.001450747134774409
600,inclusion and exclusion criterion,4,2019,2025,233,0.001450747134774409
601,descriptive analysis,2,2022,2025,214,0.001450747134774409
602,each outcome,2,2019,2025,202,0.001450747134774409
603,mdo,1,2021,2025,190,0.001450747134774409
604,arthroplasty surgeon,2,2022,2025,178,0.001450747134774409
605,this narrative review,3,2022,2025,151,0.001450747134774409
606,targeted muscle reinnervation,3,2021,2023,150,0.001450747134774409
607,quickdash score,2,2019,2023,216,0.0014362396634266647
608,2 study,2,2021,2022,213,0.0014362396634266647
609,procedure type,2,2019,2022,208,0.0014362396634266647
610,greater odd,2,2020,2023,163,0.0014362396634266647
611,final cohort,2,2022,2025,163,0.0014362396634266647
612,fi,1,2022,2025,144,0.0014362396634266647
613,20 5,2,2020,2025,238,0.0014217321920789207
614,pain interference,2,2022,2025,170,0.0014217321920789207
615,binary logistic regression analysis,4,2021,2024,166,0.0014217321920789207
616,pjf,1,2022,2023,140,0.0014217321920789207
617,chronic obstructive pulmonary disease,4,2018,2019,258,0.0014072247207311765
618,12 4,2,2019,2019,256,0.0014072247207311765
619,hidden blood loss,3,2015,2020,255,0.0014072247207311765
620,visual analogue scale score,4,2012,2014,247,0.0014072247207311765
621,29 4,2,2022,2025,235,0.0014072247207311765
622,stata,1,2017,2018,211,0.0014072247207311765
623,increased likelihood,2,2021,2022,211,0.0014072247207311765
624,postoperative vas score,3,2022,2025,199,0.0014072247207311765
625,anterior cruciate ligament reconstruction group,5,2018,2025,196,0.0014072247207311765
626,11 study,2,2021,2025,185,0.0014072247207311765
627,90 day readmission rate,4,2019,2024,155,0.0014072247207311765
628,joint line convergence angle,4,2021,2025,136,0.0014072247207311765
629,primary unilateral total knee arthroplasty,5,2015,2016,270,0.0013927172493834324
630,national joint registry,3,2017,2012,258,0.0013927172493834324
631,significantly increased risk,3,2016,2025,258,0.0013927172493834324
632,peer reviewed journal,3,2018,2025,228,0.0013927172493834324
633,hrs,1,2022,2025,211,0.0013927172493834324
634,paired sample t test,4,2018,2024,204,0.0013927172493834324
635,continuous data,2,2021,2025,178,0.0013927172493834324
636,kinematic alignment,2,2022,2025,164,0.0013927172493834324
637,china national knowledge infrastructure,4,2020,2024,163,0.0013927172493834324
638,retrospective single center study,4,2022,2024,159,0.0013927172493834324
639,nonhome discharge,2,2022,2024,138,0.0013927172493834324
640,jlca,1,2021,2025,130,0.0013927172493834324
641,random forest,2,2023,2025,112,0.0013927172493834324
642,midterm outcome,2,2015,2022,254,0.0013782097780356884
643,biomarker,1,2020,2021,225,0.0013782097780356884
644,surgery type,2,2020,2024,201,0.0013782097780356884
645,4 study,2,2019,2023,175,0.0013782097780356884
646,complication profile,2,2023,2025,145,0.0013782097780356884
647,longer hospital stay,3,2021,2025,237,0.0013637023066879442
648,healthcare cost,2,2022,2025,221,0.0013637023066879442
649,95 cis,2,2015,2025,216,0.0013637023066879442
650,high bmi,2,2021,2024,183,0.0013637023066879442
651,proximal junctional failure,3,2021,2025,151,0.0013637023066879442
652,revision surgery rate,3,2022,2025,150,0.0013637023066879442
653,vas leg,2,2022,2023,124,0.0013637023066879442
654,hip outcome score activity,4,2019,2025,187,0.0013491948353402002
655,lla,1,2020,2023,153,0.0013491948353402002
656,oblique lateral interbody fusion,4,2020,2022,140,0.0013491948353402002
657,skilled nursing facility,3,2016,2020,237,0.0013346873639924562
658,cox regression,2,2023,2025,218,0.0013346873639924562
659,elective total knee arthroplasty,4,2022,2022,200,0.0013346873639924562
660,chronic lateral ankle instability,4,2023,2025,192,0.0013346873639924562
661,tja patient,2,2022,2025,168,0.0013346873639924562
662,roc curve analysis,3,2023,2025,153,0.0013346873639924562
663,any cause,2,2017,2022,248,0.001320179892644712
664,14 2,2,2018,2024,245,0.001320179892644712
665,30 kg m2,3,2018,2022,193,0.001320179892644712
666,hos adl,2,2019,2021,192,0.001320179892644712
667,80 0,2,2022,2025,186,0.001320179892644712
668,clinical trial registration,3,2023,2024,178,0.001320179892644712
669,12 study,2,2022,2023,170,0.001320179892644712
670,rod fracture,2,2021,2024,150,0.001320179892644712
671,promis pf,2,2022,2023,127,0.001320179892644712
672,eq 5d 5l,3,2021,2023,120,0.001320179892644712
673,adi,1,2023,2024,118,0.001320179892644712
674,fri,1,2023,2025,106,0.001320179892644712
675,txa group,2,2015,2019,221,0.001305672421296968
676,15 0,2,2021,2025,192,0.001305672421296968
677,21 9,2,2019,2025,189,0.001305672421296968
678,semi structured interview,3,2019,2025,185,0.001305672421296968
679,all adult patient,3,2020,2024,182,0.001305672421296968
680,randomized control trial,3,2022,2022,181,0.001305672421296968
681,primary reverse total shoulder arthroplasty,5,2021,2025,141,0.001305672421296968
682,database inception,2,2022,2023,133,0.001305672421296968
683,anterior cruciate ligament return,4,2023,2025,131,0.001305672421296968
684,tip apex distance,3,2017,2023,239,0.001291164949949224
685,healthcare provider,2,2017,2019,211,0.001291164949949224
686,this cohort study,3,2021,2025,192,0.001291164949949224
687,lsi,1,2021,2025,168,0.001291164949949224
688,von mise stress,3,2022,2023,149,0.001291164949949224
689,this scoping review,3,2023,2025,102,0.001291164949949224
690,vte prophylaxis,2,2012,2012,264,0.0012766574786014797
691,eleven study,2,2022,2023,174,0.0012766574786014797
692,black patient,2,2022,2024,139,0.0012766574786014797
693,ed visit,2,2023,2023,137,0.0012766574786014797
694,clinical outcome score,3,2013,2020,287,0.0012621500072537357
695,inconsistency,1,2021,2025,180,0.0012621500072537357
696,olt,1,2023,2024,172,0.0012621500072537357
697,asc,1,2023,2024,164,0.0012621500072537357
698,generalizability,1,2023,2025,155,0.0012621500072537357
699,femoral neck shortening,3,2023,2024,136,0.0012621500072537357
700,17 2,2,2014,2022,230,0.0012476425359059917
701,12 0,2,2021,2025,206,0.0012476425359059917
702,25 5,2,2020,2022,193,0.0012476425359059917
703,healthcare professional,2,2023,2025,166,0.0012476425359059917
704,fracture characteristic,2,2022,2025,157,0.0012476425359059917
705,plp,1,2023,2023,155,0.0012476425359059917
706,psychological readiness,2,2022,2025,116,0.0012476425359059917
707,joint line obliquity,3,2023,2025,100,0.0012476425359059917
708,deep surgical site infection,4,2021,2021,182,0.0012331350645582474
709,bias assessment,2,2022,2023,162,0.0012331350645582474
710,dls,1,2021,2023,155,0.0012331350645582474
711,insurance type,2,2022,2025,153,0.0012331350645582474
712,dh,1,2022,2023,153,0.0012331350645582474
713,funding,1,2012,2023,265,0.0012186275932105034
714,ds,1,2018,2019,206,0.0012186275932105034
715,31 3,2,2020,2022,190,0.0012186275932105034
716,30 day complication,3,2022,2019,183,0.0012186275932105034
717,longer operation time,3,2022,2022,175,0.0012186275932105034
718,ra total knee arthroplasty,4,2023,2025,91,0.0012186275932105034
719,mcid achievement,2,2022,2023,90,0.0012186275932105034
720,local infiltration analgesia,3,2017,2020,255,0.0012041201218627594
721,following question,2,2013,2021,254,0.0012041201218627594
722,end stage ankle arthritis,4,2015,2020,232,0.0012041201218627594
723,data synthesis,2,2019,2021,211,0.0012041201218627594
724,tertiary hospital,2,2023,2025,175,0.0012041201218627594
725,25 9,2,2021,2021,170,0.0012041201218627594
726,patient concern,2,2017,2019,213,0.0011896126505150152
727,full text,2,2021,2023,172,0.0011896126505150152
728,patient demographic characteristic,3,2021,2022,154,0.0011896126505150152
729,pm,1,2022,2025,148,0.0011896126505150152
730,cutibacterium acne,2,2019,2022,127,0.0011896126505150152
731,social determinant,2,2023,2024,88,0.0011896126505150152
732,11 0,2,2023,2025,203,0.0011751051791672712
733,18 1,2,2020,2025,184,0.0011751051791672712
734,tad,1,2023,2025,182,0.0011751051791672712
735,preoperative opioid use,3,2018,2020,180,0.0011751051791672712
736,cor,1,2022,2024,171,0.0011751051791672712
737,ambulatory surgery center,3,2023,2024,155,0.0011751051791672712
738,8 study,2,2021,2024,142,0.0011751051791672712
739,mechanical lateral distal femoral angle,5,2021,2021,125,0.0011751051791672712
740,hu value,2,2023,2025,105,0.0011751051791672712
741,searche,1,2023,2025,196,0.0011605977078195271
742,predictor variable,2,2023,2023,161,0.0011605977078195271
743,fracture morphology,2,2023,2025,154,0.0011605977078195271
744,reliance,1,2023,2025,152,0.0011605977078195271
745,maximum von mise,3,2022,2023,126,0.0011605977078195271
746,medicare patient,2,2018,2022,207,0.001146090236471783
747,gold standard treatment,3,2023,2024,188,0.001146090236471783
748,depuy synthe,2,2018,2020,161,0.001146090236471783
749,overall revision rate,3,2023,2021,161,0.001146090236471783
750,worse clinical outcome,3,2022,2022,155,0.001146090236471783
751,mjoa,1,2022,2025,137,0.001146090236471783
752,evidence iii,2,2023,2025,127,0.001146090236471783
753,rts rate,2,2022,2025,106,0.001146090236471783
754,78 6,2,2022,2022,186,0.001131582765124039
755,insurance status,2,2022,2022,176,0.001131582765124039
756,radiologic parameter,2,2023,2023,172,0.001131582765124039
757,patient rated wrist evaluation,4,2022,2025,153,0.001131582765124039
758,cochrane library database,3,2021,2023,151,0.001131582765124039
759,categorical data,2,2023,2024,135,0.001131582765124039
760,total knee arthroplasty procedure,4,2019,2025,171,0.0011170752937762949
761,twelve study,2,2021,2023,168,0.0011170752937762949
762,theme,1,2022,2022,154,0.0011170752937762949
763,multiple database,2,2023,2025,151,0.0011170752937762949
764,sf 12 pcs,3,2022,2022,143,0.0011170752937762949
765,hand dash,2,2014,2017,255,0.0011025678224285507
766,22 8,2,2023,2023,183,0.0011025678224285507
767,foot and ankle outcome score,5,2018,2018,182,0.0011025678224285507
768,hbl,1,2020,2022,134,0.0011025678224285507
769,predictive ability,2,2023,2025,130,0.0011025678224285507
770,training set,2,2023,2025,96,0.0011025678224285507
771,sb,1,2011,2012,255,0.0010880603510808066
772,pubmed database,2,2014,2018,235,0.0010880603510808066
773,lb,1,2023,2023,190,0.0010880603510808066
774,16 0,2,2022,2023,150,0.0010880603510808066
775,revision hip arthroscopy,3,2023,2021,139,0.0010880603510808066
776,pain outcome,2,2023,2025,137,0.0010880603510808066
777,lia,1,2015,2020,214,0.0010735528797330626
778,24 1,2,2023,2025,186,0.0010735528797330626
779,postoperative length,2,2022,2024,169,0.0010735528797330626
780,sagittal parameter,2,2019,2024,144,0.0010735528797330626
781,daa total hip arthroplasty,4,2023,2025,113,0.0010735528797330626
782,four database,2,2023,2023,99,0.0010735528797330626
783,native knee,2,2015,2019,215,0.0010590454083853184
784,prolonged length,2,2022,2024,159,0.0010590454083853184
785,vas and odi score,4,2021,2023,143,0.0010590454083853184
786,univariable analysis,2,2023,2024,115,0.0010590454083853184
787,internal validation,2,2022,2023,97,0.0010590454083853184
788,prospectively collected database,3,2018,2023,206,0.0010445379370375744
789,multivariable model,2,2018,2018,159,0.0010445379370375744
790,masquelet technique,2,2023,2017,155,0.0010445379370375744
791,nonarthritic hip score,3,2020,2021,150,0.0010445379370375744
792,mc,1,2023,2025,150,0.0010445379370375744
793,t score,2,2023,2023,145,0.0010445379370375744
794,dca,1,2023,2025,79,0.0010445379370375744
795,mcmaster university arthritis index,4,2015,2016,195,0.0010300304656898304
796,7 study,2,2020,2020,156,0.0010300304656898304
797,high heterogeneity,2,2022,2024,105,0.0010300304656898304
798,liposomal bupivacaine,2,2015,2017,210,0.0010155229943420861
799,acs nsqip,2,2015,2019,199,0.0010155229943420861
800,26 9,2,2021,2022,167,0.0010155229943420861
801,no impact,2,2020,2020,191,0.0010010155229943421
802,additional benefit,2,2020,2021,184,0.0010010155229943421
803,each follow up,3,2020,2020,173,0.0010010155229943421
804,post hoc analysis,3,2023,2014,172,0.0010010155229943421
805,risk assessment,2,2023,2025,140,0.0010010155229943421
806,faam,1,2023,2024,129,0.0010010155229943421
807,ethical approval,2,2019,2025,127,0.0010010155229943421
808,multivariable linear regression,3,2023,2024,113,0.0010010155229943421
809,pooled result,2,2016,2020,204,0.000986508051646598
810,more comorbidity,2,2021,2021,141,0.000986508051646598
811,anesthesiologist classification,2,2023,2020,140,0.000986508051646598
812,pooled data,2,2014,2019,235,0.0009720005802988539
813,vbq,1,2023,2025,68,0.0009720005802988539
814,30 day readmission rate,4,2015,2016,175,0.0009574931089511099
815,dual mobility cup,3,2016,2020,221,0.0009429856376033657
816,multivariate model,2,2019,2020,197,0.0009429856376033657
817,complication and revision rate,4,2023,2023,99,0.0009429856376033657
818,non home discharge,3,2023,2024,95,0.0009429856376033657
819,all article,2,2021,2021,179,0.0009284781662556216
820,sciencedirect,1,2016,2017,169,0.0009284781662556216
821,18 6,2,2023,2025,167,0.0009284781662556216
822,pla,1,2023,2024,113,0.0009284781662556216
823,ldd,1,2023,2025,88,0.0009284781662556216
824,unilateral anterior cruciate ligament reconstruction,5,2017,2018,185,0.0009139706949078775
825,anterolateral ligament,2,2016,2017,159,0.0008994632235601335
826,index level,2,2016,2013,230,0.000826925866821413
827,metal debris,2,2012,2014,301,0.000812418395473669
828,adverse local tissue reaction,4,2014,2016,219,0.000812418395473669
829,player,1,2017,2018,200,0.000812418395473669
830,40 kg m2,3,2020,2021,109,0.0007834034527781807
831,anterior cervical discectomy fusion group,5,2015,2015,189,0.0007688959814304367
832,rivaroxaban,1,2008,2012,345,0.0006673436819962281
833,bundled payment,2,2015,2019,194,0.0005948063252575076
834,comprehensive care,2,2017,2019,118,0.0005802988539097636
835,fnb,1,2014,2016,183,0.0005512839112142753
836,n a,2,2013,2014,202,0.0005222689685187872
837,mat,1,2018,2018,122,0.0005077614971710431
838,ninth revision,2,2014,2017,194,0.0004642390831278108
839,mom total hip arthroplasty,4,2014,2018,118,0.00018859712752067315
840,clinical article,2,2012,2013,90,1.4507471347744088e-05
841,wiley periodical,2,2015,2016,389,0.0
842,orthopedic research society,3,2016,2019,265,0.0
843,these slide,2,2018,2018,262,0.0
844,electronic supplementary material,3,2018,2018,262,0.0
845,inc j orthop res,4,2016,2019,121,0.0
