pozycja,term,y0,prevalence_pct,kategoria_proponowana,kategoria_ocena,wariant_do,trafnosc,uwaga
1,ci,2015,6.711,metoda,metoda,,,
2,systematic review,2014,6.552,metoda,metoda,,,
3,vas,2021,6.399,skala,skala,,,
4,primary outcome,2013,4.841,metoda,metoda,,,
5,meta analysis,2013,4.77,metoda,metoda,,,
6,inclusion criterion,2016,4.225,metoda,metoda,,,
7,pubmed,2011,4.062,metoda,metoda,,,
8,embase,2013,3.663,metoda,metoda,,,
9,95 ci,2014,3.638,metoda,metoda,,,
10,cohort,2021,3.453,metoda,metoda,,,
11,retrospective cohort study,2017,3.308,metoda,metoda,,,
12,secondary outcome,2013,3.231,metoda,metoda,,,
13,bmi,2015,3.183,czynnik,czynnik,,,
14,level iii,2014,3.139,metoda,metoda,,,
15,body mass index,2022,3.126,,,,,
16,patient reported outcome,2010,2.578,skala,skala,,,
17,periprosthetic joint infection,2011,2.501,rozpoznanie,rozpoznanie,,,
18,odd ratio,2016,2.482,metoda,metoda,,,
19,demographic,2017,2.328,metoda,metoda,,,
20,comorbidity,2017,2.279,czynnik,czynnik,,,
21,science,2014,2.209,metoda,metoda,,,
22,prom,2013,2.17,skala,skala,patient reported outcome measure,,
23,patient reported outcome measure,2011,2.156,skala,skala,,,
24,operation time,2019,2.112,wynik,wynik,,,
25,odi,2016,2.064,skala,skala,,,
26,web,2013,1.98,metoda,metoda,,,
27,or,2018,1.922,metoda,metoda,,,
28,vas score,2017,1.919,skala,skala,vas,,
29,patient demographic,2013,1.829,metoda,metoda,,,
30,this systematic review,2012,1.821,metoda,metoda,,,
31,cochrane library,2012,1.784,metoda,metoda,,,
32,medline,2021,1.719,metoda,metoda,,,
33,readmission,2014,1.68,wynik,wynik,,,
34,intraoperative blood loss,2017,1.655,wynik,wynik,,,
35,postoperative outcome,2020,1.651,wynik,wynik,,,
36,instruction,2016,1.629,metoda,metoda,,,
37,clinical efficacy,2020,1.475,wynik,wynik,,,
38,independent risk factor,2014,1.443,metoda,metoda,,,
39,90 day,2016,1.407,metoda,metoda,,,
40,revision rate,2020,1.342,wynik,wynik,,,
41,trial registration,2011,1.339,metoda,metoda,,,
42,rct,2015,1.335,metoda,metoda,,,
43,scopus,2015,1.306,metoda,metoda,,,
44,bias,2015,1.271,metoda,metoda,,,
45,preferred reporting item,2015,1.239,metoda,metoda,,,
46,exclusion criterion,2016,1.233,metoda,metoda,,,
47,surgical site infection,2017,1.2,rozpoznanie,rozpoznanie,,,
48,minimal clinically important difference,2016,1.191,metoda,metoda,,,
49,subgroup analysis,2014,1.188,metoda,metoda,,,
50,reoperation rate,2020,1.187,wynik,wynik,,,
51,los,2019,1.179,metoda,metoda,,,
52,mcid,2016,1.155,metoda,metoda,,,
53,database,2021,1.126,,,,,
54,iqr,2014,1.121,metoda,metoda,,,
55,koo,2012,1.11,skala,skala,osteoarthritis outcome score,,
56,p value,2016,1.104,metoda,metoda,,,
57,logistic regression analysis,2020,1.094,metoda,metoda,,,
58,auc,2013,1.087,metoda,metoda,,,
59,hr,2014,1.06,metoda,metoda,,,
60,univariate analysis,2016,1.031,metoda,metoda,,,
61,tja,2015,0.973,technika,technika,primary total joint arthroplasty,,
62,patient characteristic,2022,0.971,,,,,
63,md,2010,0.971,metoda,metoda,,,
64,included study,2012,0.956,metoda,metoda,,,
65,pro,2017,0.94,skala,skala,patient reported outcome,,
66,propensity score matching,2017,0.917,metoda,metoda,,,
67,lower rate,2021,0.91,metoda,metoda,,,
68,inception,2013,0.892,metoda,metoda,,,
69,prisma guideline,2016,0.878,metoda,metoda,,,
70,hhs,2020,0.873,skala,skala,modified harris hip score,,
71,this retrospective cohort study,2015,0.863,metoda,metoda,,,
72,this meta analysis,2013,0.86,metoda,metoda,,,
73,reverse total shoulder arthroplasty,2013,0.86,technika,technika,,trafna,powinna być razem z 87
74,asd,2014,0.841,rozpoznanie,rozpoznanie,adult spinal deformity,,
75,hazard ratio,2015,0.831,metoda,metoda,,,
76,rr,2014,0.825,metoda,metoda,,,
77,ase,2020,0.788,skala,skala,subjective shoulder value,,
78,knee injury,2018,0.783,rozpoznanie,rozpoznanie,,,
79,kss,2013,0.775,skala,skala,,,
80,independent predictor,2015,0.754,metoda,metoda,,,
81,paucity,2019,0.746,,,,,
82,threshold,2018,0.741,metoda,metoda,,,
83,joa,2016,0.727,skala,skala,,,
84,single center,2018,0.669,metoda,metoda,,,
85,receiver operating characteristic curve,2018,0.663,metoda,metoda,,,
86,multivariable analysis,2013,0.66,metoda,metoda,,,
87,reverse shoulder arthroplasty,2011,0.659,technika,technika,,trafna,powinna być razem z 73
88,lower risk,2019,0.653,metoda,metoda,,,
89,random effect model,2016,0.65,metoda,metoda,,,
90,opioid consumption,2013,0.646,organizacja,organizacja,,,
91,race,2022,0.635,,,,,
92,oks,2012,0.634,skala,skala,clinical outcome score,,
93,adult spinal deformity,2017,0.634,rozpoznanie,rozpoznanie,,,
94,modified harris hip score,2016,0.633,skala,skala,,,
95,all p,2019,0.619,,,,,
96,baseline characteristic,2014,0.606,metoda,metoda,,,
97,ssi,2018,0.605,rozpoznanie,rozpoznanie,surgical site infection,,
98,editorial commentary,2015,0.602,metoda,metoda,,,
99,final analysis,2017,0.598,metoda,metoda,,,
100,case presentation,2014,0.596,metoda,metoda,,,
101,descriptive statistic,2018,0.596,metoda,metoda,,,
102,primary anterior cruciate ligament reconstruction,2018,0.593,technika,technika,,trafna,
103,google scholar,2012,0.59,metoda,metoda,,,
104,charlson comorbidity index,2013,0.59,czynnik,czynnik,,,
105,literature search,2019,0.589,metoda,metoda,,,
106,older age,2019,0.589,metoda,metoda,,,
107,tranexamic acid,2015,0.583,lek,lek,,,
108,systematic search,2011,0.582,metoda,metoda,,,
109,opioid use,2017,0.574,organizacja,organizacja,,,
110,meta analysis guideline,2017,0.574,metoda,metoda,,,
111,osteoarthritis outcome score,2016,0.573,skala,skala,,,
112,significant risk factor,2022,0.572,,,,,
113,ll,2013,0.569,parametr,parametr,,,
114,all study,2015,0.563,metoda,metoda,,,
115,nrs,2016,0.561,skala,skala,numeric rating scale,,
116,odi score,2018,0.557,skala,skala,odi,,
117,asa,2016,0.553,czynnik,czynnik,,,
118,therapeutic level iii,2016,0.55,metoda,metoda,,,
119,pass,2019,0.544,metoda,metoda,,,
120,direct anterior approach,2014,0.531,technika,technika,,trafna,
121,current evidence,2012,0.524,metoda,metoda,,,
122,multivariable logistic regression,2017,0.524,metoda,metoda,,,
123,ndi,2016,0.512,skala,skala,clinical outcome score,,
124,primary aim,2017,0.511,metoda,metoda,,,
125,prospectively collected data,2013,0.508,metoda,metoda,,,
126,mhh,2014,0.508,skala,skala,modified harris hip score,,
127,pelvic tilt,2015,0.506,parametr,parametr,,,
128,significantly higher rate,2022,0.506,metoda,metoda,,,
129,cross sectional study,2018,0.503,metoda,metoda,,,
130,ovcf,2011,0.492,rozpoznanie,rozpoznanie,osteoporotic vertebral compression fracture,,
131,multivariate logistic regression analysis,2014,0.487,metoda,metoda,,,
132,potential risk factor,2017,0.486,metoda,metoda,,,
133,2 3,2023,0.483,,,,,
134,txa,2013,0.477,lek,lek,tranexamic acid,,
135,vas pain score,2014,0.476,skala,skala,vas,,
136,cinahl,2019,0.474,metoda,metoda,,,
137,femoroacetabular impingement syndrome,2018,0.471,rozpoznanie,rozpoznanie,,,
138,patient acceptable symptom state,2019,0.471,metoda,metoda,,,
139,continuous variable,2016,0.466,metoda,metoda,,,
140,implant survivorship,2016,0.464,wynik,wynik,,,
141,medicare,2015,0.461,organizacja,organizacja,,,
142,female sex,2017,0.461,metoda,metoda,,,
143,visual analog scale score,2017,0.46,skala,skala,vas,,
144,pelvic incidence,2014,0.46,parametr,parametr,,,
145,interquartile range,2018,0.46,metoda,metoda,,,
146,i2,2017,0.46,metoda,metoda,,,
147,demographic characteristic,2019,0.457,metoda,metoda,,,
148,two cohort,2021,0.45,metoda,metoda,,,
149,primary objective,2021,0.447,metoda,metoda,,,
150,china,2015,0.445,metoda,metoda,,,
151,icc,2015,0.438,metoda,metoda,,,
152,ldh,2015,0.438,rozpoznanie,rozpoznanie,lumbar disc herniation,,
153,eq 5d,2011,0.435,skala,skala,,,
154,2 0,2016,0.429,metoda,metoda,,,
155,pi,2014,0.425,parametr,parametr,pelvic incidence,,
156,4 3,2022,0.424,,,,,
157,data extraction,2015,0.424,metoda,metoda,,,
158,male sex,2018,0.424,metoda,metoda,,,
159,90 day readmission,2017,0.418,wynik,wynik,,,
160,1 0,2020,0.416,,,,,
161,secondary aim,2014,0.416,metoda,metoda,,,
162,cs,2020,0.411,metoda,metoda,,,
163,journal,2019,0.411,metoda,metoda,,,
164,daa,2015,0.411,technika,technika,direct anterior approach,,
165,covariate,2022,0.402,metoda,metoda,,,
166,intervention group,2022,0.399,metoda,metoda,,,
167,cci,2015,0.399,czynnik,czynnik,charlson comorbidity index,,
168,cage subsidence,2021,0.398,rozpoznanie,rozpoznanie,,,
169,12 month follow up,2016,0.396,metoda,metoda,,,
170,medical complication,2023,0.393,wynik,wynik,,,
171,lumbar degenerative disease,2018,0.393,rozpoznanie,rozpoznanie,,,
172,forgotten joint score,2019,0.393,skala,skala,,,
173,mean follow up duration,2023,0.39,,,,,
174,radiological parameter,2020,0.389,metoda,metoda,,,
175,english,2017,0.386,metoda,metoda,,,
176,enhanced recovery,2017,0.386,organizacja,organizacja,,,
177,risk ratio,2014,0.383,metoda,metoda,,,
178,hka,2019,0.382,parametr,parametr,hip knee ankle angle,,
179,sva,2014,0.38,parametr,parametr,sagittal vertical axis,,
180,mann whitney u test,2022,0.38,metoda,metoda,,,
181,smd,2014,0.376,metoda,metoda,,,
182,comprehensive search,2014,0.376,metoda,metoda,,,
183,smoking status,2015,0.374,metoda,metoda,,,
184,ase score,2016,0.37,skala,skala,subjective shoulder value,,
185,imn,2020,0.368,,,,,
186,proximal junctional kyphosis,2016,0.368,rozpoznanie,rozpoznanie,,,
187,readmission rate,2013,0.367,wynik,wynik,,,
188,rts,2018,0.366,wynik,wynik,,,
189,retrospective observational study,2015,0.364,metoda,metoda,,,
190,lateral lumbar interbody fusion,2013,0.363,technika,technika,,trafna,
191,secondary analysis,2019,0.363,metoda,metoda,,,
192,pod,2021,0.36,metoda,metoda,,,
193,mpta,2018,0.36,parametr,parametr,medial proximal tibial angle,,
194,taa,2015,0.358,technika,technika,total ankle arthroplasty,,
195,numeric rating scale,2014,0.358,skala,skala,,,
196,olif,2018,0.358,technika,technika,oblique lumbar interbody fusion,,
197,linear regression,2014,0.357,metoda,metoda,,,
198,similar outcome,2020,0.354,metoda,metoda,,,
199,prospero,2020,0.353,metoda,metoda,,,
200,existing literature,2022,0.351,metoda,metoda,,,
201,limited data,2023,0.35,metoda,metoda,,,
202,sagittal vertical axis,2014,0.35,parametr,parametr,,,
203,both cohort,2019,0.35,metoda,metoda,,,
204,secondary objective,2018,0.348,metoda,metoda,,,
205,cis,2013,0.348,metoda,metoda,,,
206,perioperative outcome,2014,0.347,wynik,wynik,,,
207,percutaneous kyphoplasty,2016,0.347,technika,technika,,trafna,
208,pkp,2016,0.347,technika,technika,percutaneous kyphoplasty,,
209,categorical variable,2019,0.345,metoda,metoda,,,
210,prognostic level iii,2016,0.344,metoda,metoda,,,
211,ss,2020,0.339,parametr,parametr,sacral slope,,
212,adjusted odd ratio,2017,0.339,metoda,metoda,,,
213,hip knee ankle angle,2019,0.339,parametr,parametr,,,
214,transfusion rate,2015,0.338,wynik,wynik,,,
215,mep,2013,0.338,technologia,technologia,motor evoked potential,,
216,minimum clinically important difference,2017,0.337,metoda,metoda,,,
217,covid 19,2020,0.337,rozpoznanie,rozpoznanie,,,
218,esr,2017,0.335,parametr,parametr,erythrocyte sedimentation rate,,
219,higher odd,2018,0.334,metoda,metoda,,,
220,retrospective case control study,2015,0.332,metoda,metoda,,,
221,ors,2017,0.332,metoda,metoda,,,
222,similar rate,2021,0.332,metoda,metoda,,,
223,all cause revision,2019,0.332,wynik,wynik,,,
224,sacral slope,2015,0.331,parametr,parametr,,,
225,electronic medical record,2013,0.331,technologia,technologia,,trafna,
226,posterior tibial slope,2021,0.331,parametr,parametr,,,
227,artificial intelligence,2021,0.331,technologia,technologia,,trafna,pownna być z machine learning
228,lld,2023,0.329,,,,,
229,mechanical complication,2021,0.329,wynik,wynik,,,
230,all participant,2015,0.328,metoda,metoda,,,
231,shorter operative time,2022,0.328,metoda,metoda,,,
232,quality assessment,2014,0.328,metoda,metoda,,,
233,reduction quality,2021,0.328,parametr,parametr,,,
234,confounder,2015,0.326,metoda,metoda,,,
235,medial proximal tibial angle,2019,0.324,parametr,parametr,,,
236,machine learning,2019,0.324,technologia,technologia,,trafna,powinna być z AI
237,provider,2018,0.321,metoda,metoda,,,
238,secondary outcome measure,2014,0.319,metoda,metoda,,,
239,correlation analysis,2020,0.319,metoda,metoda,,,
240,pts,2017,0.318,parametr,parametr,posterior tibial slope,,
241,two reviewer,2017,0.316,metoda,metoda,,,
242,trial registration number,2015,0.316,metoda,metoda,,,
243,roc curve,2021,0.316,metoda,metoda,,,
244,fjs,2019,0.315,skala,skala,forgotten joint score,,
245,lesson,2017,0.313,metoda,metoda,,,
246,discharge disposition,2015,0.313,organizacja,organizacja,,,
247,mean body mass index,2017,0.312,metoda,metoda,,,
248,anatomic total shoulder arthroplasty,2017,0.312,technika,technika,,trafna,
249,rtka,2019,0.312,niejasne,niejasne,,,
250,robotic assisted total knee arthroplasty,2021,0.312,technologia,technologia,,trafna,
251,disparity,2022,0.31,organizacja,organizacja,,,
252,mcs,2015,0.309,skala,skala,mental component score,,
253,sa,2016,0.308,metoda,metoda,,,
254,newcastle ottawa scale,2019,0.308,metoda,metoda,,,
255,covid 19 pandemic,2020,0.308,organizacja,organizacja,,,
256,ai,2019,0.306,technologia,technologia,artificial intelligence,,
257,study protocol,2015,0.302,metoda,metoda,,,
258,network meta analysis,2017,0.302,metoda,metoda,,,
259,pjis,2018,0.3,rozpoznanie,rozpoznanie,periprosthetic joint infection,,
260,fnf,2018,0.3,rozpoznanie,rozpoznanie,femoral neck fracture,,
261,mid term follow up,2013,0.299,metoda,metoda,,,
262,pjk,2016,0.297,rozpoznanie,rozpoznanie,proximal junctional kyphosis,,
263,fais,2019,0.296,rozpoznanie,rozpoznanie,femoroacetabular impingement syndrome,,
264,substantial clinical benefit,2019,0.295,metoda,metoda,,,
265,5 0,2023,0.293,metoda,metoda,,,
266,international classification,2011,0.292,metoda,metoda,,,
267,keyword,2015,0.29,metoda,metoda,,,
268,healthcare system,2019,0.289,organizacja,organizacja,,,
269,multivariate regression analysis,2014,0.287,metoda,metoda,,,
270,demographic information,2018,0.287,metoda,metoda,,,
271,matched cohort,2016,0.284,metoda,metoda,,,
272,standardized mean difference,2014,0.283,metoda,metoda,,,
273,lateral center edge angle,2015,0.283,parametr,parametr,,,
274,methodological index,2017,0.283,metoda,metoda,,,
275,observation group,2019,0.283,metoda,metoda,,,
276,frailty,2021,0.281,rozpoznanie,rozpoznanie,,,
277,independent sample t test,2021,0.28,metoda,metoda,,,
278,cnki,2015,0.279,metoda,metoda,,,
279,increased odd,2016,0.279,metoda,metoda,,,
280,1 1 ratio,2019,0.279,metoda,metoda,,,
281,retear,2018,0.277,rozpoznanie,rozpoznanie,,,
282,medial unicompartmental knee arthroplasty,2014,0.277,technika,technika,,trafna,
283,subjective shoulder value,2018,0.277,skala,skala,,,
284,ethnicity,2022,0.277,organizacja,organizacja,,,
285,aseptic revision,2017,0.277,wynik,wynik,,,
286,narrative review,2019,0.277,metoda,metoda,,,
287,mental health,2023,0.276,rozpoznanie,rozpoznanie,,,
288,included patient,2017,0.276,metoda,metoda,,,
289,receiver operating characteristic roc curve,2018,0.276,metoda,metoda,,,
290,3d printing,2017,0.273,technologia,technologia,,trafna,
291,pao,2012,0.271,technika,technika,periacetabular osteotomy,,
292,quick disability,2015,0.271,skala,skala,quickdash,,
293,mme,2019,0.271,wynik,wynik,morphine milligram equivalent,,
294,registry,2019,0.27,,,,,
295,numerical rating scale,2017,0.27,skala,skala,numeric rating scale,,
296,surgical duration,2017,0.27,wynik,wynik,,,
297,cochrane database,2017,0.268,metoda,metoda,,,
298,eligibility criterion,2015,0.268,metoda,metoda,,,
299,national database,2017,0.268,metoda,metoda,,,
300,cutoff value,2016,0.268,metoda,metoda,,,
301,mean bmi,2018,0.267,metoda,metoda,,,
302,geriatric patient,2022,0.265,czynnik,czynnik,,,
303,30 day readmission,2015,0.264,wynik,wynik,,,
304,cms,2015,0.264,metoda,metoda,,,
305,fai,2012,0.258,rozpoznanie,rozpoznanie,femoroacetabular impingement syndrome,,
306,cbct,2012,0.258,technologia,technologia,cone beam computed tomography,,
307,predictive model,2018,0.258,metoda,metoda,,,
308,csa,2019,0.257,parametr,parametr,critical shoulder angle,,
309,two independent reviewer,2021,0.257,metoda,metoda,,,
310,primary hip arthroscopy,2019,0.257,technika,technika,,trafna,
311,psi,2013,0.255,technologia,technologia,patient specific instrumentation,,
312,drf,2017,0.255,rozpoznanie,rozpoznanie,distal radius fracture,,
313,significantly lower rate,2023,0.255,metoda,metoda,,,
314,phf,2019,0.255,rozpoznanie,rozpoznanie,proximal humerus fracture,,
315,koa,2020,0.255,rozpoznanie,rozpoznanie,knee osteoarthritis,,
316,onfh,2018,0.254,rozpoznanie,rozpoznanie,osteonecrosis of the femoral head,,
317,ais patient,2016,0.254,rozpoznanie,rozpoznanie,,,
318,patient quality,2018,0.252,metoda,metoda,,,
319,n s,2010,0.251,metoda,metoda,,,
320,shorter operation time,2019,0.251,metoda,metoda,,,
321,tobacco use,2018,0.251,czynnik,czynnik,,,
322,nine study,2017,0.251,metoda,metoda,,,
323,systematic literature search,2018,0.251,metoda,metoda,,,
324,2 cohort,2015,0.25,metoda,metoda,,,
325,ka,2016,0.25,technika,technika,kinematic alignment,,
326,scoping review,2021,0.25,metoda,metoda,,,
327,dm,2016,0.248,rozpoznanie,rozpoznanie,diabetes mellitus,,
328,eligible study,2021,0.247,metoda,metoda,,,
329,asd surgery,2017,0.247,technika,technika,adult spinal deformity surgery,,
330,surgical factor,2012,0.245,metoda,metoda,,,
331,cumulative incidence,2017,0.245,metoda,metoda,,,
332,intraoperative bleeding,2023,0.245,wynik,wynik,,,
333,current procedural terminology code,2017,0.244,metoda,metoda,,,
334,sane,2019,0.244,skala,skala,single assessment numeric evaluation,,
335,ssis,2015,0.242,rozpoznanie,rozpoznanie,surgical site infection,,
336,dissemination,2016,0.242,metoda,metoda,,,
337,multivariable logistic regression analysis,2016,0.242,metoda,metoda,,,
338,cone beam computed tomography,2012,0.241,technologia,technologia,,trafna,
339,each cohort,2018,0.241,metoda,metoda,,,
340,shared decision making,2019,0.241,organizacja,organizacja,,,
341,atsa,2020,0.239,technika,technika,anatomic total shoulder arthroplasty,,
342,adult spinal deformity surgery,2016,0.238,technika,technika,,trafna,
343,aor,2019,0.238,metoda,metoda,,,
344,significantly higher risk,2022,0.236,,,,,
345,larger sample size,2022,0.236,metoda,metoda,,,
346,fea,2021,0.236,technologia,technologia,finite element analysis,,
347,surgical detail,2021,0.236,metoda,metoda,,,
348,2 test,2014,0.235,metoda,metoda,,,
349,higher bmi,2015,0.235,metoda,metoda,,,
350,spinopelvic parameter,2018,0.235,parametr,parametr,,,
351,9 3,2018,0.234,metoda,metoda,,,
352,ssv,2017,0.234,skala,skala,subjective shoulder value,,
353,calibration,2021,0.234,metoda,metoda,,,
354,six study,2013,0.232,metoda,metoda,,,
355,ethic,2017,0.231,metoda,metoda,,,
356,acute kidney injury,2017,0.231,rozpoznanie,rozpoznanie,,,
357,incidence and risk factor,2014,0.229,metoda,metoda,,,
358,ohs,2012,0.229,skala,skala,oxford shoulder score,,
359,five study,2014,0.229,metoda,metoda,,,
360,rtha,2020,0.229,niejasne,niejasne,,,
361,valuable insight,2023,0.229,metoda,metoda,,,
362,relevant study,2015,0.228,metoda,metoda,,,
363,knee joint function,2020,0.228,skala,skala,,,
364,four study,2017,0.226,metoda,metoda,,,
365,robotic assistance,2021,0.226,technologia,technologia,,trafna,ROBOTIC ASISITED KNEEE POWINNO BYĆ POD GRUPĄ
366,mid term outcome,2016,0.225,wynik,wynik,,,
367,cochrane risk,2020,0.223,metoda,metoda,,,
368,secondary endpoint,2014,0.222,metoda,metoda,,,
369,seven study,2015,0.222,metoda,metoda,,,
370,medicaid service,2016,0.222,organizacja,organizacja,,,
371,three study,2015,0.222,metoda,metoda,,,
372,reimbursement,2016,0.221,organizacja,organizacja,,,
373,eight study,2017,0.221,metoda,metoda,,,
374,independent factor,2016,0.221,metoda,metoda,,,
375,18 2,2022,0.219,,,,,
376,cut off value,2017,0.219,metoda,metoda,,,
377,tegner activity scale,2012,0.218,skala,skala,,,
378,primary total joint arthroplasty,2017,0.218,technika,technika,,trafna,oGÓLNA
379,higher body mass index,2020,0.218,metoda,metoda,,,
380,certainty,2021,0.218,metoda,metoda,,,
381,surgical orthopedic,2019,0.218,metoda,metoda,,,
382,all prom,2021,0.218,skala,skala,,,
383,coronal alignment,2020,0.216,parametr,parametr,,,
384,ao ota,2021,0.216,metoda,metoda,,,
385,comparable outcome,2020,0.216,metoda,metoda,,,
386,maximum stress,2020,0.216,parametr,parametr,,,
387,rcr,2018,0.216,technika,technika,arcr,,
388,nomogram,2020,0.216,metoda,metoda,,,
389,cox proportional hazard model,2020,0.215,,,,,
390,demographic variable,2018,0.215,metoda,metoda,,,
391,mechanical alignment,2018,0.213,technika,technika,,watpliwa,
392,operative duration,2020,0.213,wynik,wynik,,,
393,uiv,2017,0.213,parametr,parametr,upper instrumented vertebra,,
394,fracture healing time,2016,0.212,,,,,
395,inferior outcome,2014,0.212,metoda,metoda,,,
396,univariate and multivariate analysis,2019,0.212,,,,,
397,ar,2019,0.212,niejasne,niejasne,,,
398,scb,2020,0.212,metoda,metoda,,,
399,decision curve analysis,2021,0.212,metoda,metoda,,,
400,patient specific instrumentation,2013,0.209,technologia,technologia,,trafna,
401,dexamethasone,2020,0.209,lek,lek,,,
402,0 0,2016,0.209,metoda,metoda,,,
403,multivariable regression analysis,2018,0.209,metoda,metoda,,,
404,baseline demographic,2019,0.209,metoda,metoda,,,
405,non randomized study,2020,0.209,metoda,metoda,,,
406,large cohort,2017,0.207,metoda,metoda,,,
407,title,2016,0.207,metoda,metoda,,,
408,hoo,2014,0.207,skala,skala,nonarthritic hip score,,
409,implant retention,2018,0.207,technika,technika,,watpliwa,
410,surgical data,2018,0.206,metoda,metoda,,,
411,independent t test,2016,0.205,metoda,metoda,,,
412,adductor canal block,2016,0.205,technika,technika,,trafna,
413,purpose hypothesis,2019,0.205,metoda,metoda,,,
414,quickdash,2014,0.203,skala,skala,,,
415,25 0,2020,0.203,metoda,metoda,,,
416,postoperative clinical outcome,2017,0.203,metoda,metoda,,,
417,study quality,2019,0.203,metoda,metoda,,,
418,oblique lumbar interbody fusion,2019,0.203,technika,technika,,trafna,
419,latarjet procedure,2018,0.202,technika,technika,,trafna,
420,all outcome,2017,0.202,metoda,metoda,,,
421,owhto,2017,0.202,technika,technika,open wedge high tibial osteotomy,,
422,single assessment numeric evaluation,2018,0.202,skala,skala,,,
423,promis,2019,0.202,skala,skala,,,
424,percutaneous endoscopic lumbar discectomy,2016,0.2,technika,technika,,trafna,
425,bias tool,2019,0.2,metoda,metoda,,,
426,elixhauser comorbidity index,2022,0.2,czynnik,czynnik,,,
427,pearldiver database,2022,0.199,metoda,metoda,,,
428,ovid,2011,0.197,metoda,metoda,,,
429,this prospective cohort study,2017,0.197,,,,,
430,postoperative complication rate,2014,0.197,wynik,wynik,,,
431,eligible patient,2021,0.197,metoda,metoda,,,
432,liv,2020,0.197,parametr,parametr,upper instrumented vertebra,,
433,ovid medline,2018,0.197,metoda,metoda,,,
434,femoroacetabular impingement fai,2012,0.196,rozpoznanie,rozpoznanie,femoroacetabular impingement syndrome,,
435,longer length,2017,0.196,metoda,metoda,,,
436,modified macnab criterion,2017,0.196,skala,skala,,,
437,arcr,2020,0.196,technika,technika,,,nIE WIEM CO TO ARCR
438,prediction model,2019,0.196,metoda,metoda,,,
439,lower odd,2019,0.194,metoda,metoda,,,
440,90 day complication,2020,0.193,wynik,wynik,,,
441,fns,2021,0.193,technologia,technologia,femoral neck system,,
442,hospital readmission,2014,0.191,wynik,wynik,,,
443,calibration curve,2022,0.191,metoda,metoda,,,
444,30 day mortality,2012,0.19,wynik,wynik,,,
445,transfemoral amputation,2013,0.19,technika,technika,,trafna,
446,modifiable risk factor,2018,0.19,metoda,metoda,,,
447,primary tja,2018,0.19,technika,technika,primary total joint arthroplasty,,
448,surgery duration,2018,0.19,metoda,metoda,,,
449,single center retrospective study,2020,0.19,metoda,metoda,,,
450,retear rate,2017,0.189,wynik,wynik,,,
451,research question,2018,0.189,metoda,metoda,,,
452,radiological and clinical outcome,2018,0.189,metoda,metoda,,,
453,upper instrumented vertebra,2020,0.189,parametr,parametr,,,
454,metric,2018,0.189,metoda,metoda,,,
455,hounsfield unit,2022,0.189,parametr,parametr,,,
456,3 month follow up,2016,0.187,metoda,metoda,,,
457,visual analog scale pain score,2017,0.187,skala,skala,vas,,
458,peld,2016,0.187,technika,technika,percutaneous endoscopic lumbar discectomy,,
459,cda,2016,0.187,technika,technika,cervical disc arthroplasty,,
460,retrospective cohort analysis,2021,0.187,metoda,metoda,,,
461,fjs 12,2020,0.187,skala,skala,forgotten joint score,,
462,therefore this study,2023,0.187,metoda,metoda,,,
463,machine learning model,2022,0.187,technologia,technologia,,trafna,DO AI I MACHINE LEARNING 
464,wmd,2015,0.186,metoda,metoda,,,
465,tk,2017,0.186,parametr,parametr,miara_kregoslupa,,
466,lateral extra articular tenodesis,2020,0.186,technika,technika,,trafna,
467,bone joint j,2016,0.184,metoda,metoda,,,
468,mean sd,2011,0.184,metoda,metoda,,,
469,multimodal analgesia,2021,0.184,lek,lek,,,
470,t nnis grade,2017,0.184,skala,skala,,,
471,volar locking plate,2016,0.183,technologia,technologia,,trafna,
472,mua,2022,0.183,technika,technika,manipulation under anesthesia,,
473,t1 slope,2018,0.183,parametr,parametr,,,
474,revision risk,2019,0.183,wynik,wynik,,,
475,postoperative hospital stay,2023,0.183,wynik,wynik,,,
476,roc analysis,2022,0.183,metoda,metoda,,,
477,hu,2022,0.183,parametr,parametr,hounsfield unit,,
478,10 0,2022,0.181,metoda,metoda,,,
479,prwe,2018,0.181,skala,skala,patient rated wrist evaluation,,
480,cl,2020,0.181,metoda,metoda,,,
481,pi ll,2022,0.181,parametr,parametr,,,
482,adverse reaction,2011,0.18,metoda,metoda,,,
483,10 1,2018,0.18,metoda,metoda,,,
484,mean sd age,2018,0.18,metoda,metoda,,,
485,distal femur fracture,2014,0.18,rozpoznanie,rozpoznanie,,,
486,minimum 10 year follow up,2022,0.18,metoda,metoda,,,
487,same day discharge,2020,0.178,organizacja,organizacja,,,
488,chinese clinical trial registry,2021,0.178,metoda,metoda,,,
489,femoral neck system,2022,0.178,technologia,technologia,,trafna,
490,these risk factor,2016,0.177,metoda,metoda,,,
491,pooled analysis,2018,0.177,metoda,metoda,,,
492,embase database,2020,0.177,metoda,metoda,,,
493,chronic periprosthetic joint infection,2020,0.177,rozpoznanie,rozpoznanie,,,
494,potential confounder,2018,0.176,metoda,metoda,,,
495,clinicaltrial gov,2018,0.176,metoda,metoda,,,
496,lp,2021,0.176,metoda,metoda,,,
497,eos,2016,0.174,niejasne,niejasne,,,
498,patient reported outcome score,2016,0.174,skala,skala,,,
499,malnutrition,2018,0.174,rozpoznanie,rozpoznanie,,,
500,emergency department visit,2022,0.174,wynik,wynik,,,
501,clinical question,2011,0.173,metoda,metoda,,,
502,pubmed medline,2016,0.173,metoda,metoda,,,
503,greater proportion,2020,0.173,metoda,metoda,,,
504,discrimination,2022,0.173,,,,,
505,virtual reality,2020,0.173,technologia,technologia,,trafna,
506,asd patient,2021,0.173,metoda,metoda,adult spinal deformity,,
507,8 0,2017,0.171,metoda,metoda,,,
508,tea,2013,0.171,technika,technika,total elbow arthroplasty,,
509,graft type,2018,0.171,technika,technika,,watpliwa,
510,hv,2023,0.171,,,,,
511,bone cement leakage,2019,0.171,rozpoznanie,rozpoznanie,,,
512,kinesiophobia,2022,0.171,rozpoznanie,rozpoznanie,,,
513,early onset scoliosis,2011,0.17,rozpoznanie,rozpoznanie,,,
514,pfna,2011,0.17,technologia,technologia,proximal femoral nail antirotation,,
515,bivariate analysis,2016,0.17,metoda,metoda,,,
516,aa,2019,0.17,metoda,metoda,,,
517,opioid prescription,2018,0.17,organizacja,organizacja,,,
518,surgical characteristic,2022,0.17,metoda,metoda,,,
519,this cross sectional study,2021,0.168,metoda,metoda,,,
520,operation duration,2020,0.168,metoda,metoda,,,
521,other outcome,2019,0.167,metoda,metoda,,,
522,receiver operating characteristic curve analysis,2019,0.167,metoda,metoda,,,
523,multivariable logistic regression model,2020,0.167,metoda,metoda,,,
524,binary logistic regression,2022,0.167,,,,,
525,open wedge high tibial osteotomy,2016,0.165,technika,technika,,trafna,
526,open reduction internal fixation group,2019,0.165,technika,technika,,watpliwa,
527,rs,2021,0.165,metoda,metoda,,,
528,elevated risk,2023,0.165,metoda,metoda,,,
529,mowhto,2019,0.165,technika,technika,open wedge high tibial osteotomy,,
530,ihot 12,2021,0.165,skala,skala,hip outcome score activity,,
531,future work,2019,0.164,metoda,metoda,,,
532,mean standard deviation,2017,0.162,metoda,metoda,,,
533,13 9,2014,0.162,metoda,metoda,,,
534,search term,2014,0.162,metoda,metoda,,,
535,chronic kidney disease,2019,0.162,rozpoznanie,rozpoznanie,,,
536,all model,2020,0.162,metoda,metoda,,,
537,protective factor,2023,0.162,metoda,metoda,,,
538,eras,2021,0.162,organizacja,organizacja,enhanced recovery,,
539,control cohort,2018,0.161,metoda,metoda,,,
540,surgical variable,2022,0.161,metoda,metoda,,,
541,limb symmetry index,2020,0.161,skala,skala,,,
542,augmented reality,2022,0.161,technologia,technologia,,trafna,
543,model performance,2022,0.161,metoda,metoda,,,
544,9 0,2016,0.16,metoda,metoda,,,
545,institutional database,2018,0.16,metoda,metoda,,,
546,ppf,2021,0.16,rozpoznanie,rozpoznanie,periprosthetic fracture,,
547,dair,2022,0.16,technika,technika,implant retention,,
548,single academic institution,2022,0.16,metoda,metoda,,,
549,acb,2019,0.158,technika,technika,adductor canal block,,
550,question purpose,2019,0.158,metoda,metoda,,,
551,nah,2020,0.158,metoda,metoda,,,
552,each model,2020,0.158,metoda,metoda,,,
553,morphine milligram equivalent,2020,0.158,wynik,wynik,,,
554,psm,2023,0.158,metoda,metoda,,,
555,koo jr,2022,0.158,skala,skala,osteoarthritis outcome score,,
556,preoperative factor,2019,0.157,metoda,metoda,,,
557,treatment success,2023,0.157,,,,,
558,fao,2018,0.157,metoda,metoda,,,
559,infection risk,2017,0.157,wynik,wynik,,,
560,cephalomedullary nail,2021,0.157,technologia,technologia,,trafna,
561,associated factor,2022,0.157,metoda,metoda,,,
562,lcea,2021,0.157,parametr,parametr,lateral center edge angle,,
563,patient specific factor,2022,0.157,metoda,metoda,,,
564,fracture related infection,2022,0.157,rozpoznanie,rozpoznanie,,,
565,higher revision rate,2018,0.155,metoda,metoda,,,
566,short stem,2015,0.155,technologia,technologia,,trafna,
567,large national database,2022,0.155,metoda,metoda,,,
568,let,2021,0.155,technika,technika,lateral extra articular tenodesis,,
569,tt,2019,0.154,metoda,metoda,,,
570,perioperative data,2021,0.154,,,,,
571,review manager,2021,0.154,metoda,metoda,,,
572,ldfa,2022,0.154,parametr,parametr,,,
573,23 3,2021,0.152,metoda,metoda,,,
574,ten study,2020,0.152,metoda,metoda,,,
575,sarcopenia,2022,0.152,rozpoznanie,rozpoznanie,,,
576,50 0,2017,0.151,metoda,metoda,,,
577,10 study,2021,0.151,metoda,metoda,,,
578,patient acceptable symptomatic state,2019,0.151,metoda,metoda,,,
579,scapular notching,2013,0.149,rozpoznanie,rozpoznanie,,,
580,oxford shoulder score,2015,0.149,skala,skala,,,
581,1 year mortality,2021,0.149,wynik,wynik,,,
582,3d printing technology,2017,0.149,technologia,technologia,,trafna,DO 3D
583,sl,2019,0.149,metoda,metoda,,,
584,less intraoperative blood loss,2022,0.149,metoda,metoda,,,
585,dataset,2022,0.149,metoda,metoda,,,
586,imaging data,2022,0.149,metoda,metoda,,,
587,cervical disc arthroplasty,2016,0.148,technika,technika,,trafna,
588,registry data,2018,0.148,metoda,metoda,,,
589,injury characteristic,2021,0.148,metoda,metoda,,,
590,eq vas,2021,0.148,skala,skala,vas,,
591,significant postoperative improvement,2022,0.148,,,,,
592,coronal plane alignment,2023,0.148,parametr,parametr,,,
593,23 1,2022,0.147,,,,,
594,fragility fracture,2021,0.147,,,,,
595,median follow up time,2017,0.147,metoda,metoda,,,
596,patient cohort,2020,0.147,metoda,metoda,,,
597,white patient,2022,0.147,organizacja,organizacja,,,
598,external validation,2021,0.147,metoda,metoda,,,
599,21 4,2018,0.145,,,,,
600,inclusion and exclusion criterion,2019,0.145,metoda,metoda,,,
601,descriptive analysis,2022,0.145,metoda,metoda,,,
602,each outcome,2019,0.145,metoda,metoda,,,
603,mdo,2021,0.145,niejasne,niejasne,,,
604,arthroplasty surgeon,2022,0.145,organizacja,organizacja,,,
605,this narrative review,2022,0.145,metoda,metoda,,,
606,targeted muscle reinnervation,2021,0.145,technika,technika,,watpliwa,
607,quickdash score,2019,0.144,skala,skala,quickdash,,
608,2 study,2021,0.144,,,,,
609,procedure type,2019,0.144,metoda,metoda,,,
610,greater odd,2020,0.144,metoda,metoda,,,
611,final cohort,2022,0.144,metoda,metoda,,,
612,fi,2022,0.144,metoda,metoda,,,
613,20 5,2020,0.142,metoda,metoda,,,
614,pain interference,2022,0.142,skala,skala,,,
615,binary logistic regression analysis,2021,0.142,metoda,metoda,,,
616,pjf,2022,0.142,rozpoznanie,rozpoznanie,proximal junctional failure,,
617,chronic obstructive pulmonary disease,2018,0.141,rozpoznanie,rozpoznanie,,,
618,12 4,2019,0.141,metoda,metoda,,,
619,hidden blood loss,2015,0.141,wynik,wynik,,,
620,visual analogue scale score,2012,0.141,skala,skala,vas,,
621,29 4,2022,0.141,metoda,metoda,,,
622,stata,2017,0.141,metoda,metoda,,,
623,increased likelihood,2021,0.141,,,,,
624,postoperative vas score,2022,0.141,skala,skala,vas,,
625,anterior cruciate ligament reconstruction group,2018,0.141,,,,,
626,11 study,2021,0.141,metoda,metoda,,,
627,90 day readmission rate,2019,0.141,wynik,wynik,,,
628,joint line convergence angle,2021,0.141,parametr,parametr,,,
629,primary unilateral total knee arthroplasty,2015,0.139,technika,technika,,trafna,
630,national joint registry,2017,0.139,metoda,metoda,,,
631,significantly increased risk,2016,0.139,,,,,
632,peer reviewed journal,2018,0.139,metoda,metoda,,,
633,hrs,2022,0.139,metoda,metoda,,,
634,paired sample t test,2018,0.139,metoda,metoda,,,
635,continuous data,2021,0.139,metoda,metoda,,,
636,kinematic alignment,2022,0.139,technika,technika,,trafna,
637,china national knowledge infrastructure,2020,0.139,metoda,metoda,,,
638,retrospective single center study,2022,0.139,metoda,metoda,,,
639,nonhome discharge,2022,0.139,,,,,
640,jlca,2021,0.139,parametr,parametr,joint line convergence angle,,
641,random forest,2023,0.139,technologia,technologia,,watpliwa,
642,midterm outcome,2015,0.138,wynik,wynik,,,
643,biomarker,2020,0.138,technologia,technologia,,watpliwa,
644,surgery type,2020,0.138,metoda,metoda,,,
645,4 study,2019,0.138,metoda,metoda,,,
646,complication profile,2023,0.138,,,,,
647,longer hospital stay,2021,0.136,metoda,metoda,,,
648,healthcare cost,2022,0.136,organizacja,organizacja,,,
649,95 cis,2015,0.136,metoda,metoda,,,
650,high bmi,2021,0.136,czynnik,czynnik,,,
651,proximal junctional failure,2021,0.136,rozpoznanie,rozpoznanie,,,
652,revision surgery rate,2022,0.136,,,,,
653,vas leg,2022,0.136,skala,skala,,,
654,hip outcome score activity,2019,0.135,skala,skala,,,
655,lla,2020,0.135,parametr,parametr,coronal alignment,,
656,oblique lateral interbody fusion,2020,0.135,technika,technika,,trafna,
657,skilled nursing facility,2016,0.133,organizacja,organizacja,,,
658,cox regression,2023,0.133,metoda,metoda,,,
659,elective total knee arthroplasty,2022,0.133,technika,technika,,trafna,
660,chronic lateral ankle instability,2023,0.133,rozpoznanie,rozpoznanie,,,
661,tja patient,2022,0.133,,,,,
662,roc curve analysis,2023,0.133,metoda,metoda,,,
663,any cause,2017,0.132,metoda,metoda,,,
664,14 2,2018,0.132,metoda,metoda,,,
665,30 kg m2,2018,0.132,metoda,metoda,,,
666,hos adl,2019,0.132,skala,skala,hip outcome score activity,,
667,80 0,2022,0.132,,,,,
668,clinical trial registration,2023,0.132,metoda,metoda,,,
669,12 study,2022,0.132,metoda,metoda,,,
670,rod fracture,2021,0.132,,,,,
671,promis pf,2022,0.132,skala,skala,promis,,
672,eq 5d 5l,2021,0.132,skala,skala,,,
673,adi,2023,0.132,organizacja,organizacja,area deprivation index,,
674,fri,2023,0.132,rozpoznanie,rozpoznanie,fracture related infection,,
675,txa group,2015,0.131,metoda,metoda,tranexamic acid,,
676,15 0,2021,0.131,metoda,metoda,,,
677,21 9,2019,0.131,metoda,metoda,,,
678,semi structured interview,2019,0.131,metoda,metoda,,,
679,all adult patient,2020,0.131,metoda,metoda,,,
680,randomized control trial,2022,0.131,metoda,metoda,,,
681,primary reverse total shoulder arthroplasty,2021,0.131,technika,technika,,trafna,DO REVERSE
682,database inception,2022,0.131,metoda,metoda,,,
683,anterior cruciate ligament return,2023,0.131,,,,,
684,tip apex distance,2017,0.129,parametr,parametr,,,
685,healthcare provider,2017,0.129,,,,,
686,this cohort study,2021,0.129,metoda,metoda,,,
687,lsi,2021,0.129,skala,skala,limb symmetry index,,
688,von mise stress,2022,0.129,parametr,parametr,maximum stress,,
689,this scoping review,2023,0.129,metoda,metoda,,,
690,vte prophylaxis,2012,0.128,lek,lek,,,
691,eleven study,2022,0.128,metoda,metoda,,,
692,black patient,2022,0.128,organizacja,organizacja,,,
693,ed visit,2023,0.128,wynik,wynik,emergency department visit,,
694,clinical outcome score,2013,0.126,skala,skala,,,
695,inconsistency,2021,0.126,metoda,metoda,,,
696,olt,2023,0.126,rozpoznanie,rozpoznanie,osteochondral lesion of the talus,,
697,asc,2023,0.126,organizacja,organizacja,ambulatory surgery center,,
698,generalizability,2023,0.126,metoda,metoda,,,
699,femoral neck shortening,2023,0.126,rozpoznanie,rozpoznanie,,,
700,17 2,2014,0.125,metoda,metoda,,,
701,12 0,2021,0.125,metoda,metoda,,,
702,25 5,2020,0.125,metoda,metoda,,,
703,healthcare professional,2023,0.125,metoda,metoda,,,
704,fracture characteristic,2022,0.125,metoda,metoda,,,
705,plp,2023,0.125,rozpoznanie,rozpoznanie,phantom limb pain,,
706,psychological readiness,2022,0.125,czynnik,czynnik,,,
707,joint line obliquity,2023,0.125,parametr,parametr,,,
708,deep surgical site infection,2021,0.123,,,,,
709,bias assessment,2022,0.123,metoda,metoda,,,
710,dls,2021,0.123,rozpoznanie,rozpoznanie,degenerative lumbar spondylolisthesis,,
711,insurance type,2022,0.123,organizacja,organizacja,,,
712,dh,2022,0.123,niejasne,niejasne,,,
713,funding,2012,0.122,metoda,metoda,,,
714,ds,2018,0.122,niejasne,niejasne,,,
715,31 3,2020,0.122,metoda,metoda,,,
716,30 day complication,2022,0.122,wynik,wynik,,,
717,longer operation time,2022,0.122,,,,,
718,ra total knee arthroplasty,2023,0.122,,,,,
719,mcid achievement,2022,0.122,metoda,metoda,,,
720,local infiltration analgesia,2017,0.12,lek,lek,,,
721,following question,2013,0.12,metoda,metoda,,,
722,end stage ankle arthritis,2015,0.12,rozpoznanie,rozpoznanie,,,
723,data synthesis,2019,0.12,metoda,metoda,,,
724,tertiary hospital,2023,0.12,metoda,metoda,,,
725,25 9,2021,0.12,,,,,
726,patient concern,2017,0.119,metoda,metoda,,,
727,full text,2021,0.119,metoda,metoda,,,
728,patient demographic characteristic,2021,0.119,metoda,metoda,,,
729,pm,2022,0.119,metoda,metoda,,,
730,cutibacterium acne,2019,0.119,rozpoznanie,rozpoznanie,,,
731,social determinant,2023,0.119,organizacja,organizacja,,,
732,11 0,2023,0.118,,,,,
733,18 1,2020,0.118,metoda,metoda,,,
734,tad,2023,0.118,parametr,parametr,tip apex distance,,
735,preoperative opioid use,2018,0.118,czynnik,czynnik,,,
736,cor,2022,0.118,metoda,metoda,,,
737,ambulatory surgery center,2023,0.118,,,,,
738,8 study,2021,0.118,metoda,metoda,,,
739,mechanical lateral distal femoral angle,2021,0.118,,,,,
740,hu value,2023,0.118,parametr,parametr,hounsfield unit,,
741,searche,2023,0.116,,,,,
742,predictor variable,2023,0.116,metoda,metoda,,,
743,fracture morphology,2023,0.116,,,,,
744,reliance,2023,0.116,,,,,
745,maximum von mise,2022,0.116,parametr,parametr,maximum stress,,
746,medicare patient,2018,0.115,organizacja,organizacja,,,
747,gold standard treatment,2023,0.115,metoda,metoda,,,
748,depuy synthe,2018,0.115,,,,,
749,overall revision rate,2023,0.115,wynik,wynik,,,
750,worse clinical outcome,2022,0.115,metoda,metoda,,,
751,mjoa,2022,0.115,,,,,
752,evidence iii,2023,0.115,metoda,metoda,,,
753,rts rate,2022,0.115,,,,,
754,78 6,2022,0.113,metoda,metoda,,,
755,insurance status,2022,0.113,organizacja,organizacja,,,
756,radiologic parameter,2023,0.113,metoda,metoda,,,
757,patient rated wrist evaluation,2022,0.113,skala,skala,,,
758,cochrane library database,2021,0.113,metoda,metoda,,,
759,categorical data,2023,0.113,metoda,metoda,,,
760,total knee arthroplasty procedure,2019,0.112,,,,,
761,twelve study,2021,0.112,metoda,metoda,,,
762,theme,2022,0.112,metoda,metoda,,,
763,multiple database,2023,0.112,metoda,metoda,,,
764,sf 12 pcs,2022,0.112,,,,,
765,hand dash,2014,0.11,skala,skala,quickdash,,
766,22 8,2023,0.11,metoda,metoda,,,
767,foot and ankle outcome score,2018,0.11,,,,,
768,hbl,2020,0.11,,,,,
769,predictive ability,2023,0.11,metoda,metoda,,,
770,training set,2023,0.11,metoda,metoda,,,
771,sb,2011,0.109,metoda,metoda,,,
772,pubmed database,2014,0.109,metoda,metoda,,,
773,lb,2023,0.109,metoda,metoda,,,
774,16 0,2022,0.109,metoda,metoda,,,
775,revision hip arthroscopy,2023,0.109,,,,,
776,pain outcome,2023,0.109,skala,skala,,,
777,lia,2015,0.107,lek,lek,local infiltration analgesia,,
778,24 1,2023,0.107,,,,,
779,postoperative length,2022,0.107,wynik,wynik,,,
780,sagittal parameter,2019,0.107,,,,,
781,daa total hip arthroplasty,2023,0.107,,,,,
782,four database,2023,0.107,metoda,metoda,,,
783,native knee,2015,0.106,niejasne,niejasne,,,
784,prolonged length,2022,0.106,,,,,
785,vas and odi score,2021,0.106,,,,,
786,univariable analysis,2023,0.106,metoda,metoda,,,
787,internal validation,2022,0.106,metoda,metoda,,,
788,prospectively collected database,2018,0.104,metoda,metoda,,,
789,multivariable model,2018,0.104,metoda,metoda,,,
790,masquelet technique,2023,0.104,,,,,
791,nonarthritic hip score,2020,0.104,skala,skala,,,
792,mc,2023,0.104,,,,,
793,t score,2023,0.104,,,,,
794,dca,2023,0.104,metoda,metoda,,,
795,mcmaster university arthritis index,2015,0.103,skala,skala,,,
796,7 study,2020,0.103,metoda,metoda,,,
797,high heterogeneity,2022,0.103,metoda,metoda,,,
798,liposomal bupivacaine,2015,0.102,lek,lek,,,
799,acs nsqip,2015,0.102,metoda,metoda,,,
800,26 9,2021,0.102,,,,,
801,no impact,2020,0.1,,,,,
802,additional benefit,2020,0.1,,,,,
803,each follow up,2020,0.1,metoda,metoda,,,
804,post hoc analysis,2023,0.1,,,,,
805,risk assessment,2023,0.1,,,,,
806,faam,2023,0.1,,,,,
807,ethical approval,2019,0.1,metoda,metoda,,,
808,multivariable linear regression,2023,0.1,metoda,metoda,,,
809,pooled result,2016,0.099,metoda,metoda,,,
810,more comorbidity,2021,0.099,metoda,metoda,,,
811,anesthesiologist classification,2023,0.099,,,,,
812,pooled data,2014,0.097,metoda,metoda,,,
813,vbq,2023,0.097,,,,,
814,30 day readmission rate,2015,0.096,metoda,metoda,,,
815,dual mobility cup,2016,0.094,technologia,technologia,,trafna,
816,multivariate model,2019,0.094,metoda,metoda,,,
817,complication and revision rate,2023,0.094,,,,,
818,non home discharge,2023,0.094,,,,,
819,all article,2021,0.093,metoda,metoda,,,
820,sciencedirect,2016,0.093,metoda,metoda,,,
821,18 6,2023,0.093,,,,,
822,pla,2023,0.093,niejasne,niejasne,,,
823,ldd,2023,0.093,rozpoznanie,rozpoznanie,lumbar degenerative disease,,
824,unilateral anterior cruciate ligament reconstruction,2017,0.091,technika,technika,,trafna,
825,anterolateral ligament,2016,0.09,technika,technika,,bledna,
826,index level,2016,0.083,,,,,
827,metal debris,2012,0.081,rozpoznanie,rozpoznanie,,,
828,adverse local tissue reaction,2014,0.081,rozpoznanie,rozpoznanie,,,
829,player,2017,0.081,metoda,metoda,,,
830,40 kg m2,2020,0.078,,,,,
831,anterior cervical discectomy fusion group,2015,0.077,metoda,metoda,,,
832,rivaroxaban,2008,0.067,lek,lek,,,
833,bundled payment,2015,0.059,organizacja,organizacja,,,
834,comprehensive care,2017,0.058,,,,,
835,fnb,2014,0.055,technika,technika,femoral nerve block,,
836,n a,2013,0.052,metoda,metoda,,,
837,mat,2018,0.051,,,,,
838,ninth revision,2014,0.046,metoda,metoda,,,
839,mom total hip arthroplasty,2014,0.019,technologia,technologia,,trafna,
840,clinical article,2012,0.001,metoda,metoda,,,
841,wiley periodical,2015,0,metoda,metoda,,,
842,orthopedic research society,2016,0,metoda,metoda,,,
843,these slide,2018,0,metoda,metoda,,,
844,electronic supplementary material,2018,0,metoda,metoda,,,
845,inc j orthop res,2016,0,metoda,metoda,,,
# BRAKUJACE
